Ano;Mun_Cod;Município;Governança para o Desenvolvimento;Educação Empreendedora
2023;2500106;Água Branca;0,34571838;0
2023;2500205;Aguiar;0,465538567;0
2023;2500304;Alagoa Grande;0,461317779;0
2023;2500403;Alagoa Nova;0,436306941;0
2023;2500502;Alagoinha;0,223540311;0
2023;2500536;Alcantil;0,223425776;0
2023;2500577;Algodão de Jandaíra;0,212417098;0
2023;2500601;Alhandra;0,264616463;0
2023;2500700;São João do Rio do Peixe;0,552355691;0
2023;2500734;Amparo;0,262010089;0
2023;2500775;Aparecida;0,462544239;0
2023;2500809;Araçagi;0,230261518;0
2023;2500908;Arara;0,061286552;0
2023;2501005;Araruna;0,271049053;0
2023;2501104;Areia;0,235415995;0
2023;2501153;Areia de Baraúnas;0,201187553;0
2023;2501203;Areial;0,249238434;0
2023;2501302;Aroeiras;0,243117407;0
2023;2501351;Assunção;0,34213672;0
2023;2501401;Baía da Traição;0,317464118;0
2023;2501500;Bananeiras;0,531468979;0
2023;2501534;Baraúna;0,260117576;0
2023;2501575;Barra de Santana;0,267988919;0
2023;2501609;Barra de Santa Rosa;0,288535864;0
2023;2501708;Barra de São Miguel;0,37596231;0
2023;2501807;Bayeux;0,416262856;0
2023;2501906;Belém;0,303603471;0
2023;2502003;Belém do Brejo do Cruz;0,400114437;0
2023;2502052;Bernardino Batista;0,532785224;0
2023;2502102;Boa Ventura;0,30286704;0
2023;2502151;Boa Vista;0,262580862;0
2023;2502201;Bom Jesus;0,468350288;0
2023;2502300;Bom Sucesso;0,359558213;0
2023;2502409;Bonito de Santa Fé;0,233872368;0
2023;2502508;Boqueirão;0,480742349;0
2023;2502607;Igaracy;0,350099287;0
2023;2502706;Borborema;0,251188528;0
2023;2502805;Brejo do Cruz;0,384823035;0
2023;2502904;Brejo dos Santos;0,442321419;0
2023;2503001;Caaporã;0,264944611;0
2023;2503100;Cabaceiras;0,448122098;0
2023;2503209;Cabedelo;0,509872625;0
2023;2503308;Cachoeira dos Índios;0,499885496;0
2023;2503407;Cacimba de Areia;0,290331464;0
2023;2503506;Cacimba de Dentro;0,191790996;0
2023;2503555;Cacimbas;0,157643651;0
2023;2503605;Caiçara;0,248076979;0
2023;2503704;Cajazeiras;0,529575455;0
2023;2503753;Cajazeirinhas;0,41065128;0
2023;2503803;Caldas Brandão;0,188133738;0
2023;2503902;Camalaú;0,501150738;0
2023;2504009;Campina Grande;0,556513382;0
2023;2504033;Capim;0,43061687;0
2023;2504074;Caraúbas;0,498504612;0
2023;2504108;Carrapateira;0,399816787;0
2023;2504157;Casserengue;0,197861088;0
2023;2504207;Catingueira;0,241820679;0
2023;2504306;Catolé do Rocha;0,457081205;0
2023;2504355;Caturité;0,29756407;0
2023;2504405;Conceição;0,274864354;0
2023;2504504;Condado;0,456084738;0
2023;2504603;Conde;0,490313902;0
2023;2504702;Congo;0,386798068;0
2023;2504801;Coremas;0,220121036;0
2023;2504850;Coxixola;0,209850531;0
2023;2504900;Cruz do Espírito Santo;0,480759245;0
2023;2505006;Cubati;0,214356555;0
2023;2505105;Cuité;0,305703111;0
2023;2505204;Cuitegi;0,275785999;0
2023;2505238;Cuité de Mamanguape;0,184947794;0
2023;2505279;Curral de Cima;0,334069483;0
2023;2505303;Curral Velho;0,267047916;0
2023;2505352;Damião;0,268590087;0
2023;2505402;Desterro;0,199246717;0
2023;2505501;Vista Serrana;0,21563913;0
2023;2505600;Diamante;0,375883194;0
2023;2505709;Dona Inês;0,294277343;0
2023;2505808;Duas Estradas;0,231212363;0
2023;2505907;Emas;0,234294914;0
2023;2506004;Esperança;0,4826087;0
2023;2506103;Fagundes;0,333380362;0
2023;2506202;Frei Martinho;0,225673103;0
2023;2506251;Gado Bravo;0,244959406;0
2023;2506301;Guarabira;0,5196699;0
2023;2506400;Gurinhém;0,237419655;0
2023;2506509;Gurjão;0,218043391;0
2023;2506608;Ibiara;0,209953902;0
2023;2506707;Imaculada;0,385288008;0
2023;2506806;Ingá;0,283439996;0
2023;2506905;Itabaiana;0,654866803;0
2023;2507002;Itaporanga;0,406798124;0
2023;2507101;Itapororoca;0,374252199;0
2023;2507200;Itatuba;0,249526534;0
2023;2507309;Jacaraú;0,205987558;0
2023;2507408;Jericó;0,499562098;0
2023;2507507;João Pessoa;0,431340861;0,011891957
2023;2507606;Juarez Távora;0,210386613;0
2023;2507705;Juazeirinho;0,26961139;0
2023;2507804;Junco do Seridó;0,278793294;0
2023;2507903;Juripiranga;0,616034683;0
2023;2508000;Juru;0,251337719;0
2023;2508109;Lagoa;0,370842815;0
2023;2508208;Lagoa de Dentro;0,217805348;0
2023;2508307;Lagoa Seca;0,442011967;0
2023;2508406;Lastro;0,378291304;0
2023;2508505;Livramento;0,395780332;0
2023;2508554;Logradouro;0,229208377;0
2023;2508604;Lucena;0,515129274;0
2023;2508703;Mãe D'Água;0,287589613;0
2023;2508802;Malta;0,285865626;0
2023;2508901;Mamanguape;0,467577461;0
2023;2509008;Manaíra;0,24157168;0
2023;2509057;Marcação;0,228092784;0
2023;2509107;Mari;0,464610117;0
2023;2509156;Marizópolis;0,402453662;0
2023;2509206;Massaranduba;0,412591313;0,078482455
2023;2509305;Mataraca;0,406990131;0
2023;2509339;Matinhas;0,233803449;0
2023;2509370;Mato Grosso;0,228804322;0
2023;2509396;Maturéia;0,235864855;0
2023;2509404;Mogeiro;0,247867347;0
2023;2509503;Montadas;0,24509666;0
2023;2509602;Monte Horebe;0,47730671;0
2023;2509701;Monteiro;0,552384735;0,007432591
2023;2509800;Mulungu;0,207902271;0
2023;2509909;Natuba;0,251382525;0
2023;2510006;Nazarezinho;0,237823964;0
2023;2510105;Nova Floresta;0,289243683;0
2023;2510204;Nova Olinda;0,262057383;0
2023;2510303;Nova Palmeira;0,213342143;0
2023;2510402;Olho D'Água;0,257490311;0
2023;2510501;Olivedos;0,201513213;0
2023;2510600;Ouro Velho;0,241737898;0
2023;2510659;Parari;0,242831452;0
2023;2510709;Passagem;0,224033533;0
2023;2510808;Patos;0,56474753;0
2023;2510907;Paulista;0,608610791;0
2023;2511004;Pedra Branca;0,247699827;0
2023;2511103;Pedra Lavrada;0,297928603;0
2023;2511202;Pedras de Fogo;0,492454189;0
2023;2511301;Piancó;0,240617389;0
2023;2511400;Picuí;0,399509213;0
2023;2511509;Pilar;0,1772853;0
2023;2511608;Pilões;0,321278488;0
2023;2511707;Pilõezinhos;0,155182154;0
2023;2511806;Pirpirituba;0,247738403;0
2023;2511905;Pitimbu;0,286212772;0
2023;2512002;Pocinhos;0,36196229;0
2023;2512036;Poço Dantas;0,379703585;0
2023;2512077;Poço de José de Moura;0,525960409;0
2023;2512101;Pombal;0,46281276;0
2023;2512200;Prata;0,273025031;0
2023;2512309;Princesa Isabel;0,286289778;0
2023;2512408;Puxinanã;0,279871924;0
2023;2512507;Queimadas;0,487985476;0
2023;2512606;Quixaba;0,231738451;0
2023;2512705;Remígio;0,504302894;0
2023;2512721;Pedro Régis;0,233810934;0
2023;2512747;Riachão;0,219448268;0
2023;2512754;Riachão do Bacamarte;0,370218139;0
2023;2512762;Riachão do Poço;0,299627953;0
2023;2512788;Riacho de Santo Antônio;0,20011036;0
2023;2512804;Riacho dos Cavalos;0,51572947;0
2023;2512903;Rio Tinto;0,280974569;0
2023;2513000;Salgadinho;0,384033426;0
2023;2513109;Salgado de São Félix;0,252825209;0
2023;2513158;Santa Cecília;0,378424845;0
2023;2513208;Santa Cruz;0,404306494;0
2023;2513307;Santa Helena;0,297949465;0
2023;2513356;Santa Inês;0,206674361;0
2023;2513406;Santa Luzia;0,273883792;0
2023;2513505;Santana de Mangueira;0,284411597;0
2023;2513604;Santana dos Garrotes;0,25834767;0
2023;2513653;Joca Claudino;0,229136815;0
2023;2513703;Santa Rita;0,471677658;0
2023;2513802;Santa Teresinha;0,37283082;0
2023;2513851;Santo André;0,221166098;0
2023;2513901;São Bento;0,639301738;0
2023;2513927;São Bentinho;0,415682087;0
2023;2513943;São Domingos do Cariri;0,188375631;0
2023;2513968;São Domingos;0,398437581;0
2023;2513984;São Francisco;0,365850014;0
2023;2514008;São João do Cariri;0,218312632;0
2023;2514107;São João do Tigre;0,271738919;0,007432591
2023;2514206;São José da Lagoa Tapada;0,204308115;0
2023;2514305;São José de Caiana;0,208946591;0
2023;2514404;São José de Espinharas;0,234546996;0
2023;2514453;São José dos Ramos;0,254560004;0
2023;2514503;São José de Piranhas;0,433604254;0
2023;2514552;São José de Princesa;0,244620989;0
2023;2514602;São José do Bonfim;0,234104376;0
2023;2514651;São José do Brejo do Cruz;0,548545823;0
2023;2514701;São José do Sabugi;0,255254415;0
2023;2514800;São José dos Cordeiros;0,305484161;0
2023;2514909;São Mamede;0,43916441;0
2023;2515005;São Miguel de Taipu;0,262111432;0
2023;2515104;São Sebastião de Lagoa de Roça;0,308483245;0
2023;2515203;São Sebastião do Umbuzeiro;0,355829797;0
2023;2515302;Sapé;0,501282619;0
2023;2515401;São Vicente do Seridó;0,167932591;0
2023;2515500;Serra Branca;0,29876154;0
2023;2515609;Serra da Raiz;0,218067527;0
2023;2515708;Serra Grande;0,249518019;0
2023;2515807;Serra Redonda;0,226711311;0
2023;2515906;Serraria;0,467294845;0
2023;2515930;Sertãozinho;0,366234385;0
2023;2515971;Sobrado;0,239668581;0
2023;2516003;Solânea;0,476445185;0
2023;2516102;Soledade;0,216611459;0
2023;2516151;Sossêgo;0,264129123;0
2023;2516201;Sousa;0,412645118;0
2023;2516300;Sumé;0,284990251;0
2023;2516409;Tacima;0,25981485;0
2023;2516508;Taperoá;0,590605333;0
2023;2516607;Tavares;0,294919911;0
2023;2516706;Teixeira;0,3512183;0
2023;2516755;Tenório;0,389860942;0
2023;2516805;Triunfo;0,488067195;0
2023;2516904;Uiraúna;0,548622001;0
2023;2517001;Umbuzeiro;0,287229998;0
2023;2517100;Várzea;0,204214603;0
2023;2517209;Vieirópolis;0,376866441;0
2023;2517407;Zabelê;0,269433987;0
2022;2500106;Água Branca;0,438154864;0
2022;2500205;Aguiar;0,503519003;0
2022;2500304;Alagoa Grande;0,511499887;0
2022;2500403;Alagoa Nova;0,447674215;0
2022;2500502;Alagoinha;0,17686633;0
2022;2500536;Alcantil;0,210357793;0
2022;2500577;Algodão de Jandaíra;0,193198428;0
2022;2500601;Alhandra;0,183909715;0
2022;2500700;São João do Rio do Peixe;0,530579728;0
2022;2500734;Amparo;0,251257824;0
2022;2500775;Aparecida;0,540757072;0
2022;2500809;Araçagi;0,21098439;0
2022;2500908;Arara;0,156967097;0
2022;2501005;Araruna;0,21422246;0
2022;2501104;Areia;0,303340897;0
2022;2501153;Areia de Baraúnas;0,208182735;0
2022;2501203;Areial;0,228623209;0
2022;2501302;Aroeiras;0,204402448;0
2022;2501351;Assunção;0,247025392;0
2022;2501401;Baía da Traição;0,319881348;0
2022;2501500;Bananeiras;0,532754634;0
2022;2501534;Baraúna;0,247996799;0
2022;2501575;Barra de Santana;0,201905259;0
2022;2501609;Barra de Santa Rosa;0,249511839;0
2022;2501708;Barra de São Miguel;0,404368181;0
2022;2501807;Bayeux;0,535317752;0
2022;2501906;Belém;0,221279654;0
2022;2502003;Belém do Brejo do Cruz;0,321561128;0
2022;2502052;Bernardino Batista;0,471913764;0
2022;2502102;Boa Ventura;0,272822347;0
2022;2502151;Boa Vista;0,197161956;0
2022;2502201;Bom Jesus;0,468100926;0
2022;2502300;Bom Sucesso;0,264203955;0
2022;2502409;Bonito de Santa Fé;0,182588036;0
2022;2502508;Boqueirão;0,531823503;0
2022;2502607;Igaracy;0,344530148;0
2022;2502706;Borborema;0,180773564;0
2022;2502805;Brejo do Cruz;0,265752111;0
2022;2502904;Brejo dos Santos;0,338140957;0
2022;2503001;Caaporã;0,20615546;0
2022;2503100;Cabaceiras;0,459035044;0
2022;2503209;Cabedelo;0,541750276;0
2022;2503308;Cachoeira dos Índios;0,518713432;0
2022;2503407;Cacimba de Areia;0,307821081;0
2022;2503506;Cacimba de Dentro;0,204002639;0
2022;2503555;Cacimbas;0,118622514;0
2022;2503605;Caiçara;0,206031093;0
2022;2503704;Cajazeiras;0,623870904;0
2022;2503753;Cajazeirinhas;0,240798147;0
2022;2503803;Caldas Brandão;0,162417073;0
2022;2503902;Camalaú;0,541478595;0
2022;2504009;Campina Grande;0,605919542;0
2022;2504033;Capim;0,420035158;0
2022;2504074;Caraúbas;0,510558206;0
2022;2504108;Carrapateira;0,338272087;0
2022;2504157;Casserengue;0,121793478;0
2022;2504207;Catingueira;0,172587012;0
2022;2504306;Catolé do Rocha;0,481414813;0
2022;2504355;Caturité;0,305588908;0
2022;2504405;Conceição;0,263304642;0
2022;2504504;Condado;0,419712773;0
2022;2504603;Conde;0,478828607;0
2022;2504702;Congo;0,340941128;0
2022;2504801;Coremas;0,181168839;0
2022;2504850;Coxixola;0,192506799;0
2022;2504900;Cruz do Espírito Santo;0,509141309;0
2022;2505006;Cubati;0,141787648;0
2022;2505105;Cuité;0,245158875;0
2022;2505204;Cuitegi;0,2419464;0
2022;2505238;Cuité de Mamanguape;0,182147487;0
2022;2505279;Curral de Cima;0,344418135;0
2022;2505303;Curral Velho;0,205280189;0
2022;2505352;Damião;0,194266397;0
2022;2505402;Desterro;0,189819423;0
2022;2505501;Vista Serrana;0,1467543;0
2022;2505600;Diamante;0,440830051;0
2022;2505709;Dona Inês;0,237942426;0
2022;2505808;Duas Estradas;0,164409673;0
2022;2505907;Emas;0,154060987;0
2022;2506004;Esperança;0,460190501;0
2022;2506103;Fagundes;0,317682098;0
2022;2506202;Frei Martinho;0,23458102;0
2022;2506251;Gado Bravo;0,177422768;0
2022;2506301;Guarabira;0,535509958;0
2022;2506400;Gurinhém;0,186274573;0
2022;2506509;Gurjão;0,225050221;0
2022;2506608;Ibiara;0,254474606;0
2022;2506707;Imaculada;0,403727628;0
2022;2506806;Ingá;0,282505968;0
2022;2506905;Itabaiana;0,633168035;0
2022;2507002;Itaporanga;0,390010942;0
2022;2507101;Itapororoca;0,386583715;0
2022;2507200;Itatuba;0,221144428;0
2022;2507309;Jacaraú;0,155726464;0
2022;2507408;Jericó;0,413768862;0
2022;2507507;João Pessoa;0,437089788;0,018044687
2022;2507606;Juarez Távora;0,135259045;0
2022;2507705;Juazeirinho;0,227723577;0
2022;2507804;Junco do Seridó;0,288756716;0
2022;2507903;Juripiranga;0,434652677;0
2022;2508000;Juru;0,236855561;0
2022;2508109;Lagoa;0,217677864;0
2022;2508208;Lagoa de Dentro;0,207986872;0
2022;2508307;Lagoa Seca;0,427345658;0
2022;2508406;Lastro;0,414196974;0
2022;2508505;Livramento;0,481458261;0
2022;2508554;Logradouro;0,201508836;0
2022;2508604;Lucena;0,444721735;0
2022;2508703;Mãe D'Água;0,18249882;0
2022;2508802;Malta;0,182488067;0
2022;2508901;Mamanguape;0,477452297;0
2022;2509008;Manaíra;0,229061784;0
2022;2509057;Marcação;0,181578516;0
2022;2509107;Mari;0,465578097;0
2022;2509156;Marizópolis;0,404434233;0
2022;2509206;Massaranduba;0,450796077;0
2022;2509305;Mataraca;0,413593989;0
2022;2509339;Matinhas;0,132455473;0
2022;2509370;Mato Grosso;0,191216028;0
2022;2509396;Maturéia;0,213744847;0
2022;2509404;Mogeiro;0,277597973;0
2022;2509503;Montadas;0,256123232;0
2022;2509602;Monte Horebe;0,511384704;0
2022;2509701;Monteiro;0,596047708;0
2022;2509800;Mulungu;0,163474258;0
2022;2509909;Natuba;0,264586298;0
2022;2510006;Nazarezinho;0,166348416;0
2022;2510105;Nova Floresta;0,332814506;0
2022;2510204;Nova Olinda;0,25740176;0
2022;2510303;Nova Palmeira;0,195095311;0
2022;2510402;Olho D'Água;0,21860633;0
2022;2510501;Olivedos;0,207204471;0
2022;2510600;Ouro Velho;0,197881853;0
2022;2510659;Parari;0,177738169;0
2022;2510709;Passagem;0,197768209;0
2022;2510808;Patos;0,528161007;0
2022;2510907;Paulista;0,504652213;0
2022;2511004;Pedra Branca;0,226259265;0
2022;2511103;Pedra Lavrada;0,349226463;0
2022;2511202;Pedras de Fogo;0,518469777;0
2022;2511301;Piancó;0,227937819;0
2022;2511400;Picuí;0,426668193;0
2022;2511509;Pilar;0,135880684;0
2022;2511608;Pilões;0,278599947;0
2022;2511707;Pilõezinhos;0,107863327;0
2022;2511806;Pirpirituba;0,237742865;0
2022;2511905;Pitimbu;0,223020674;0
2022;2512002;Pocinhos;0,397715535;0
2022;2512036;Poço Dantas;0,351815868;0
2022;2512077;Poço de José de Moura;0,554336627;0
2022;2512101;Pombal;0,480457459;0
2022;2512200;Prata;0,199832063;0
2022;2512309;Princesa Isabel;0,213272224;0
2022;2512408;Puxinanã;0,195672159;0
2022;2512507;Queimadas;0,549828485;0
2022;2512606;Quixaba;0,136972573;0
2022;2512705;Remígio;0,480310393;0
2022;2512721;Pedro Régis;0,218072475;0
2022;2512747;Riachão;0,198575764;0
2022;2512754;Riachão do Bacamarte;0,328492532;0
2022;2512762;Riachão do Poço;0,244337658;0
2022;2512788;Riacho de Santo Antônio;0,187076322;0
2022;2512804;Riacho dos Cavalos;0,41071153;0
2022;2512903;Rio Tinto;0,335963471;0
2022;2513000;Salgadinho;0,349167703;0
2022;2513109;Salgado de São Félix;0,222662602;0
2022;2513158;Santa Cecília;0,385506947;0
2022;2513208;Santa Cruz;0,413176222;0
2022;2513307;Santa Helena;0,251066041;0
2022;2513356;Santa Inês;0,236176532;0
2022;2513406;Santa Luzia;0,255869861;0
2022;2513505;Santana de Mangueira;0,222005853;0
2022;2513604;Santana dos Garrotes;0,223940473;0
2022;2513653;Joca Claudino;0,216772895;0
2022;2513703;Santa Rita;0,553893138;0
2022;2513802;Santa Teresinha;0,313156641;0
2022;2513851;Santo André;0,196551657;0
2022;2513901;São Bento;0,557700061;0
2022;2513927;São Bentinho;0,251836347;0
2022;2513943;São Domingos do Cariri;0,164992875;0
2022;2513968;São Domingos;0,402391164;0
2022;2513984;São Francisco;0,388680444;0
2022;2514008;São João do Cariri;0,226202319;0
2022;2514107;São João do Tigre;0,282953298;0
2022;2514206;São José da Lagoa Tapada;0,214557893;0
2022;2514305;São José de Caiana;0,210025635;0
2022;2514404;São José de Espinharas;0,161943118;0
2022;2514453;São José dos Ramos;0,244848065;0
2022;2514503;São José de Piranhas;0,507331131;0
2022;2514552;São José de Princesa;0,258855321;0
2022;2514602;São José do Bonfim;0,156906957;0
2022;2514651;São José do Brejo do Cruz;0,447892528;0
2022;2514701;São José do Sabugi;0,293663208;0
2022;2514800;São José dos Cordeiros;0,205251552;0
2022;2514909;São Mamede;0,452522072;0
2022;2515005;São Miguel de Taipu;0,192417724;0
2022;2515104;São Sebastião de Lagoa de Roça;0,306051602;0
2022;2515203;São Sebastião do Umbuzeiro;0,408229273;0
2022;2515302;Sapé;0,472249146;0
2022;2515401;São Vicente do Seridó;0,084625966;0
2022;2515500;Serra Branca;0,252543633;0
2022;2515609;Serra da Raiz;0,20813929;0
2022;2515708;Serra Grande;0,170993189;0
2022;2515807;Serra Redonda;0,190221496;0
2022;2515906;Serraria;0,324866182;0
2022;2515930;Sertãozinho;0,335602192;0
2022;2515971;Sobrado;0,230472604;0
2022;2516003;Solânea;0,500551628;0
2022;2516102;Soledade;0,262944554;0
2022;2516151;Sossêgo;0,253219486;0
2022;2516201;Sousa;0,552783905;0
2022;2516300;Sumé;0,236560178;0
2022;2516409;Tacima;0,248496925;0
2022;2516508;Taperoá;0,45066115;0
2022;2516607;Tavares;0,274131929;0
2022;2516706;Teixeira;0,340570253;0
2022;2516755;Tenório;0,316348687;0
2022;2516805;Triunfo;0,542424007;0
2022;2516904;Uiraúna;0,426181719;0
2022;2517001;Umbuzeiro;0,191768672;0
2022;2517100;Várzea;0,183230125;0
2022;2517209;Vieirópolis;0,379583133;0
2022;2517407;Zabelê;0,266090712;0
2021;2500106;Água Branca;0,429133;0,009312
2021;2500205;Aguiar;0,505931;0,006984
2021;2500304;Alagoa Grande;0,503198;0,014355
2021;2500403;Alagoa Nova;0,452101;0,017847
2021;2500502;Alagoinha;0,193275;0,004656
2021;2500536;Alcantil;0,212705;0,002716
2021;2500577;Algodão de Jandaíra;0,200557;0,00194
2021;2500601;Alhandra;0,193223;0,005044
2021;2500700;São João do Rio do Peixe;0,531614;0,046558
2021;2500734;Amparo;0,255999;0,004656
2021;2500775;Aparecida;0,52847;0,016295
2021;2500809;Araçagi;0,215201;0,005044
2021;2500908;Arara;0,168736;0,006984
2021;2501005;Araruna;0,214203;0,012416
2021;2501104;Areia;0,298124;0,020563
2021;2501153;Areia de Baraúnas;0,220024;0,000776
2021;2501203;Areial;0,230402;0,001552
2021;2501302;Aroeiras;0,217127;0,014355
2021;2501351;Assunção;0,257616;0,003104
2021;2501401;Baía da Traição;0,3228;0,002716
2021;2501500;Bananeiras;0,536984;0,015907
2021;2501534;Baraúna;0,254916;0,001164
2021;2501575;Barra de Santana;0,212339;0,006208
2021;2501609;Barra de Santa Rosa;0,249877;0,01164
2021;2501708;Barra de São Miguel;0,410744;0,000776
2021;2501807;Bayeux;0,527356;0,025607
2021;2501906;Belém;0,231119;0,0097
2021;2502003;Belém do Brejo do Cruz;0,333531;0,002328
2021;2502052;Bernardino Batista;0,478396;0,008924
2021;2502102;Boa Ventura;0,269777;0,012416
2021;2502151;Boa Vista;0,205349;0,004656
2021;2502201;Bom Jesus;0,468884;0,002716
2021;2502300;Bom Sucesso;0,279641;0,004268
2021;2502409;Bonito de Santa Fé;0,19847;0,012416
2021;2502508;Boqueirão;0,533122;0,017847
2021;2502607;Igaracy;0,353086;0,003104
2021;2502706;Borborema;0,192239;0,00582
2021;2502805;Brejo do Cruz;0,282135;0,002716
2021;2502904;Brejo dos Santos;0,355731;0,00194
2021;2503001;Caaporã;0,208208;0,010088
2021;2503100;Cabaceiras;0,457951;0,029875
2021;2503209;Cabedelo;0,53682;0,020563
2021;2503308;Cachoeira dos Índios;0,486728;0,008536
2021;2503407;Cacimba de Areia;0,31365;0,00194
2021;2503506;Cacimba de Dentro;0,20207;0,006208
2021;2503555;Cacimbas;0,134463;0,001164
2021;2503605;Caiçara;0,205797;0,00194
2021;2503704;Cajazeiras;0,601158;0,220376
2021;2503753;Cajazeirinhas;0,25981;0,003104
2021;2503803;Caldas Brandão;0,168602;0,003104
2021;2503902;Camalaú;0,538623;0,006596
2021;2504009;Campina Grande;0,585806;0,538913
2021;2504033;Capim;0,421161;0,000776
2021;2504074;Caraúbas;0,515546;0,005044
2021;2504108;Carrapateira;0,341488;0,004268
2021;2504157;Casserengue;0,143495;0,002716
2021;2504207;Catingueira;0,183628;0,001552
2021;2504306;Catolé do Rocha;0,474564;0,036471
2021;2504355;Caturité;0,307402;0,004656
2021;2504405;Conceição;0,259333;0,030263
2021;2504504;Condado;0,418229;0,005432
2021;2504603;Conde;0,472744;0,00388
2021;2504702;Congo;0,352881;0,0097
2021;2504801;Coremas;0,193776;0,01358
2021;2504850;Coxixola;0,20894;0,00582
2021;2504900;Cruz do Espírito Santo;0,507941;0,004268
2021;2505006;Cubati;0,152761;0,004268
2021;2505105;Cuité;0,255857;0,024831
2021;2505204;Cuitegi;0,253496;0,000776
2021;2505238;Cuité de Mamanguape;0,196292;0,001164
2021;2505279;Curral de Cima;0,343798;0,001164
2021;2505303;Curral Velho;0,21788;0,003104
2021;2505352;Damião;0,235056;0,00388
2021;2505402;Desterro;0,192648;0,012804
2021;2505501;Vista Serrana;0,156177;0,001552
2021;2505600;Diamante;0,433629;0,006208
2021;2505709;Dona Inês;0,237952;0,006208
2021;2505808;Duas Estradas;0,177341;0,00194
2021;2505907;Emas;0,164372;0,00388
2021;2506004;Esperança;0,460536;0,012416
2021;2506103;Fagundes;0,320533;0,007372
2021;2506202;Frei Martinho;0,242287;0,00194
2021;2506251;Gado Bravo;0,192079;0,003492
2021;2506301;Guarabira;0,534265;0,045782
2021;2506400;Gurinhém;0,192241;0,003104
2021;2506509;Gurjão;0,234147;0,007372
2021;2506608;Ibiara;0,257848;0,006984
2021;2506707;Imaculada;0,401062;0,005044
2021;2506806;Ingá;0,28508;0,030651
2021;2506905;Itabaiana;0,633596;0,019399
2021;2507002;Itaporanga;0,392878;0,053542
2021;2507101;Itapororoca;0,391055;0,010088
2021;2507200;Itatuba;0,222828;0,005044
2021;2507309;Jacaraú;0,167284;0,003492
2021;2507408;Jericó;0,427619;0,006208
2021;2507507;João Pessoa;0,430408;0,620159
2021;2507606;Juarez Távora;0,146027;0,000776
2021;2507705;Juazeirinho;0,235826;0,010476
2021;2507804;Junco do Seridó;0,251829;0,004268
2021;2507903;Juripiranga;0,490979;0,006208
2021;2508000;Juru;0,237308;0,0097
2021;2508109;Lagoa;0,23997;0,008148
2021;2508208;Lagoa de Dentro;0,221287;0,002716
2021;2508307;Lagoa Seca;0,418309;0,013192
2021;2508406;Lastro;0,413969;0,009312
2021;2508505;Livramento;0,479699;0,006984
2021;2508554;Logradouro;0,208186;0,000776
2021;2508604;Lucena;0,467915;0,003104
2021;2508703;Mãe d'Água;0,188369;0,003492
2021;2508802;Malta;0,188405;0,013192
2021;2508901;Mamanguape;0,475297;0,015131
2021;2509008;Manaíra;0,231903;0,006984
2021;2509057;Marcação;0,186209;0,001552
2021;2509107;Mari;0,464993;0,01164
2021;2509156;Marizópolis;0,402543;0,015907
2021;2509206;Massaranduba;0,447879;0,003104
2021;2509305;Mataraca;0,412523;0,005044
2021;2509339;Matinhas;0,147426;0,002328
2021;2509370;Mato Grosso;0,216494;0,000776
2021;2509396;Maturéia;0,218382;0,008148
2021;2509404;Mogeiro;0,276493;0,006984
2021;2509503;Montadas;0,254234;0,003104
2021;2509602;Monte Horebe;0,501176;0,009312
2021;2509701;Monteiro;0,581187;0,04229
2021;2509800;Mulungu;0,171711;0,008148
2021;2509909;Natuba;0,261002;0,004656
2021;2510006;Nazarezinho;0,173504;0,010864
2021;2510105;Nova Floresta;0,340663;0,007372
2021;2510204;Nova Olinda;0,26185;0,001552
2021;2510303;Nova Palmeira;0,208787;0,00388
2021;2510402;Olho d'Água;0,22466;0,000776
2021;2510501;Olivedos;0,215208;0,000388
2021;2510600;Ouro Velho;0,212128;0,019399
2021;2510659;Parari;0,190626;0,004656
2021;2510709;Passagem;0,202586;0,000776
2021;2510808;Patos;0,525073;0,122216
2021;2510907;Paulista;0,521752;0,009312
2021;2511004;Pedra Branca;0,234697;0,002328
2021;2511103;Pedra Lavrada;0,354818;0,006596
2021;2511202;Pedras de Fogo;0,50933;0,006208
2021;2511301;Piancó;0,238832;0,014743
2021;2511400;Picuí;0,425524;0,019399
2021;2511509;Pilar;0,182135;0,005044
2021;2511608;Pilões;0,28437;0,006208
2021;2511707;Pilõezinhos;0,130684;0,000388
2021;2511806;Pirpirituba;0,247971;0,006596
2021;2511905;Pitimbu;0,230547;0,003104
2021;2512002;Pocinhos;0,403119;0,00194
2021;2512036;Poço Dantas;0,32619;0,010088
2021;2512077;Poço de José de Moura;0,550191;0,010864
2021;2512101;Pombal;0,474994;0,078761
2021;2512200;Prata;0,199001;0,015907
2021;2512309;Princesa Isabel;0,214633;0,031039
2021;2512408;Puxinanã;0,20491;0,003492
2021;2512507;Queimadas;0,543387;0,180026
2021;2512606;Quixaba;0,149847;0
2021;2512705;Remígio;0,472745;0,011252
2021;2512721;Pedro Régis;0,22298;0,002328
2021;2512747;Riachão;0,211191;0,000776
2021;2512754;Riachão do Bacamarte;0,330868;0,001552
2021;2512762;Riachão do Poço;0,252089;0,000776
2021;2512788;Riacho de Santo Antônio;0,202221;0,001552
2021;2512804;Riacho dos Cavalos;0,429275;0,00194
2021;2512903;Rio Tinto;0,338561;0,012804
2021;2513000;Salgadinho;0,354496;0,002716
2021;2513109;Salgado de São Félix;0,23226;0,009312
2021;2513158;Santa Cecília;0,392912;0,001164
2021;2513208;Santa Cruz;0,410746;0,025995
2021;2513307;Santa Helena;0,248872;0,008148
2021;2513356;Santa Inês;0,235175;0
2021;2513406;Santa Luzia;0,256216;0,019787
2021;2513505;Santana de Mangueira;0,225078;0,005432
2021;2513604;Santana dos Garrotes;0,23496;0,002716
2021;2513653;Joca Claudino;0,222368;0,005432
2021;2513703;Santa Rita;0,539141;0,041127
2021;2513802;Santa Teresinha;0,323891;0,001552
2021;2513851;Santo André;0,209191;0,00776
2021;2513901;São Bento;0,554806;0,015519
2021;2513927;São Bentinho;0,275006;0,003104
2021;2513943;São Domingos do Cariri;0,181123;0,002328
2021;2513968;São Domingos;0,401687;0,005044
2021;2513984;São Francisco;0,385764;0,012416
2021;2514008;São João do Cariri;0,238329;0,011252
2021;2514107;São João do Tigre;0,278432;0,023667
2021;2514206;São José da Lagoa Tapada;0,215108;0,015519
2021;2514305;São José de Caiana;0,211945;0,002328
2021;2514404;São José de Espinharas;0,169589;0,00388
2021;2514453;São José dos Ramos;0,253037;0,000776
2021;2514503;São José de Piranhas;0,500381;0,029099
2021;2514552;São José de Princesa;0,260252;0,000388
2021;2514602;São José do Bonfim;0,166354;0,003104
2021;2514651;São José do Brejo do Cruz;0,460549;0
2021;2514701;São José do Sabugi;0,282933;0,005432
2021;2514800;São José dos Cordeiros;0,217897;0,003104
2021;2514909;São Mamede;0,454816;0,006984
2021;2515005;São Miguel de Taipu;0,19688;0,001164
2021;2515104;São Sebastião de Lagoa de Roça;0,296055;0,003104
2021;2515203;São Sebastião do Umbuzeiro;0,411554;0,004268
2021;2515302;Sapé;0,466794;0,021727
2021;2515401;São Vicente do Seridó;0,109317;0,007372
2021;2515500;Serra Branca;0,26284;0,038023
2021;2515609;Serra da Raiz;0,217887;0,001164
2021;2515708;Serra Grande;0,184799;0,00388
2021;2515807;Serra Redonda;0,197983;0,00194
2021;2515906;Serraria;0,347979;0,00194
2021;2515930;Sertãozinho;0,338143;0,006984
2021;2515971;Sobrado;0,237432;0,00194
2021;2516003;Solânea;0,499087;0,017459
2021;2516102;Soledade;0,259573;0,00582
2021;2516151;Sossêgo;0,256922;0,001164
2021;2516201;Sousa;0,541303;0,247147
2021;2516300;Sumé;0,247219;0,019787
2021;2516409;Tacima;0,248735;0,0097
2021;2516508;Taperoá;0,465972;0,010864
2021;2516607;Tavares;0,268147;0,01164
2021;2516706;Teixeira;0,34369;0,014355
2021;2516755;Tenório;0,329972;0,000388
2021;2516805;Triunfo;0,532131;0,01358
2021;2516904;Uiraúna;0,443347;0,034531
2021;2517001;Umbuzeiro;0,200738;0,00194
2021;2517100;Várzea;0,190635;0,004268
2021;2517209;Vieirópolis;0,380814;0,017847
2021;2517407;Zabelê;0,265146;0,00388
2020;2500106;Água Branca;0,313559;0
2020;2500205;Aguiar;0,221075;0,000888
2020;2500304;Alagoa Grande;0,509731;0,000592
2020;2500403;Alagoa Nova;0,497884;0,002073
2020;2500502;Alagoinha;0,251174;0,000592
2020;2500536;Alcantil;0,227935;0
2020;2500577;Algodão de Jandaíra;0,155897;0,000888
2020;2500601;Alhandra;0,204971;0,000592
2020;2500700;São João do Rio do Peixe;0,371649;0,00148
2020;2500734;Amparo;0,277091;0,000592
2020;2500775;Aparecida;0,60278;0,000888
2020;2500809;Araçagi;0,245426;0,000592
2020;2500908;Arara;0,2069;0,000296
2020;2501005;Araruna;0,227276;0,00148
2020;2501104;Areia;0,293935;0,002073
2020;2501153;Areia de Baraúnas;0,241422;0
2020;2501203;Areial;0,246527;0,001184
2020;2501302;Aroeiras;0,217141;0,001184
2020;2501351;Assunção;0,255345;0,000888
2020;2501401;Baía da Traição;0,405776;0
2020;2501500;Bananeiras;0,560867;0,003849
2020;2501534;Baraúna;0,242178;0
2020;2501575;Barra de Santana;0,212536;0,000592
2020;2501609;Barra de Santa Rosa;0,269045;0,000592
2020;2501708;Barra de São Miguel;0,2701;0
2020;2501807;Bayeux;0,587401;0,01362
2020;2501906;Belém;0,271093;0,000888
2020;2502003;Belém do Brejo do Cruz;0,355443;0,001777
2020;2502052;Bernardino Batista;0,526931;0
2020;2502102;Boa Ventura;0,386665;0
2020;2502151;Boa Vista;0,227058;0,002961
2020;2502201;Bom Jesus;0,239616;0,000296
2020;2502300;Bom Sucesso;0,351755;0,000888
2020;2502409;Bonito de Santa Fé;0,231023;0
2020;2502508;Boqueirão;0,349226;0,003257
2020;2502607;Igaracy;0,374046;0,000592
2020;2502706;Borborema;0,227996;0
2020;2502805;Brejo do Cruz;0,299355;0,001184
2020;2502904;Brejo dos Santos;0,382967;0,000888
2020;2503001;Caaporã;0,195408;0,000592
2020;2503100;Cabaceiras;0,481302;0,002369
2020;2503209;Cabedelo;0,59924;0,007106
2020;2503308;Cachoeira dos Índios;0,518587;0
2020;2503407;Cacimba de Areia;0,220484;0,000592
2020;2503506;Cacimba de Dentro;0,296897;0,000592
2020;2503555;Cacimbas;0,198751;0
2020;2503605;Caiçara;0,243339;0
2020;2503704;Cajazeiras;0,648438;0,011252
2020;2503753;Cajazeirinhas;0,279858;0
2020;2503803;Caldas Brandão;0,185228;0,000296
2020;2503902;Camalaú;0,529483;0,000592
2020;2504009;Campina Grande;0,655356;0,26757
2020;2504033;Capim;0,402262;0
2020;2504074;Caraúbas;0,543893;0,000592
2020;2504108;Carrapateira;0,168415;0,000592
2020;2504157;Casserengue;0,178882;0,000592
2020;2504207;Catingueira;0,218016;0,000592
2020;2504306;Catolé do Rocha;0,515132;0,011252
2020;2504355;Caturité;0,294164;0,000592
2020;2504405;Conceição;0,293766;0,000888
2020;2504504;Condado;0,444152;0,000592
2020;2504603;Conde;0,286001;0,002073
2020;2504702;Congo;0,292611;0,000296
2020;2504801;Coremas;0,26514;0,001184
2020;2504850;Coxixola;0,432355;0,000592
2020;2504900;Cruz do Espírito Santo;0,553559;0
2020;2505006;Cubati;0,162398;0,000592
2020;2505105;Cuité;0,369167;0,00148
2020;2505204;Cuitegi;0,252493;0
2020;2505238;Cuité de Mamanguape;0,205428;0,000296
2020;2505279;Curral de Cima;0,22099;0
2020;2505303;Curral Velho;0,244009;0
2020;2505352;Damião;0,264635;0,001184
2020;2505402;Desterro;0,269706;0,000592
2020;2505501;Vista Serrana;0,203747;0
2020;2505600;Diamante;0,197371;0,000296
2020;2505709;Dona Inês;0,415361;0,000296
2020;2505808;Duas Estradas;0,207567;0
2020;2505907;Emas;0,158621;0,000296
2020;2506004;Esperança;0,492303;0,003553
2020;2506103;Fagundes;0,325693;0
2020;2506202;Frei Martinho;0,423869;0,000296
2020;2506251;Gado Bravo;0,17786;0,000592
2020;2506301;Guarabira;0,592433;0,007698
2020;2506400;Gurinhém;0,374826;0,000592
2020;2506509;Gurjão;0,289316;0,000888
2020;2506608;Ibiara;0,277672;0,000888
2020;2506707;Imaculada;0,397031;0
2020;2506806;Ingá;0,253011;0,001184
2020;2506905;Itabaiana;0,644062;0,001184
2020;2507002;Itaporanga;0,453281;0,004441
2020;2507101;Itapororoca;0,267671;0,000888
2020;2507200;Itatuba;0,255932;0,000592
2020;2507309;Jacaraú;0,148855;0,001184
2020;2507408;Jericó;0,463006;0,00148
2020;2507507;João Pessoa;0,697224;0,617257
2020;2507606;Juarez Távora;0,181317;0
2020;2507705;Juazeirinho;0,216021;0,002073
2020;2507804;Junco do Seridó;0,280115;0,000592
2020;2507903;Juripiranga;0,578122;0,000296
2020;2508000;Juru;0,229574;0
2020;2508109;Lagoa;0,272655;0
2020;2508208;Lagoa de Dentro;0,203406;0
2020;2508307;Lagoa Seca;0,470512;0,004145
2020;2508406;Lastro;0,312306;0
2020;2508505;Livramento;0,418015;0,000296
2020;2508554;Logradouro;0,15244;0
2020;2508604;Lucena;0,540355;0,000296
2020;2508703;Mãe d'Água;0,204451;0,000592
2020;2508802;Malta;0,20854;0,000592
2020;2508901;Mamanguape;0,505661;0,002961
2020;2509008;Manaíra;0,243497;0,000296
2020;2509057;Marcação;0,170069;0
2020;2509107;Mari;0,522063;0,000592
2020;2509156;Marizópolis;0,26173;0
2020;2509206;Massaranduba;0,511886;0,000296
2020;2509305;Mataraca;0,235965;0
2020;2509339;Matinhas;0,232617;0
2020;2509370;Mato Grosso;0,248486;0,000592
2020;2509396;Maturéia;0,205579;0,001184
2020;2509404;Mogeiro;0,292125;0,000592
2020;2509503;Montadas;0,296972;0,000888
2020;2509602;Monte Horebe;0,464587;0
2020;2509701;Monteiro;0,530839;0,013916
2020;2509800;Mulungu;0,41154;0,000296
2020;2509909;Natuba;0,319194;0
2020;2510006;Nazarezinho;0,218438;0,000888
2020;2510105;Nova Floresta;0,295488;0,000296
2020;2510204;Nova Olinda;0,257681;0,000296
2020;2510303;Nova Palmeira;0,188709;0
2020;2510402;Olho d'Água;0,212143;0
2020;2510501;Olivedos;0,229836;0,000296
2020;2510600;Ouro Velho;0,222403;0,001184
2020;2510659;Parari;0,188626;0,000296
2020;2510709;Passagem;0,238361;0,000296
2020;2510808;Patos;0,593746;0,021319
2020;2510907;Paulista;0,48435;0,00148
2020;2511004;Pedra Branca;0,23312;0,000296
2020;2511103;Pedra Lavrada;0,269984;0,000296
2020;2511202;Pedras de Fogo;0,469212;0,000296
2020;2511301;Piancó;0,252951;0,000888
2020;2511400;Picuí;0,310052;0,003849
2020;2511509;Pilar;0,237644;0
2020;2511608;Pilões;0,318247;0,000592
2020;2511707;Pilõezinhos;0,171982;0,000296
2020;2511806;Pirpirituba;0,46544;0,00148
2020;2511905;Pitimbu;0,243727;0
2020;2512002;Pocinhos;0,286382;0,000888
2020;2512036;Poço Dantas;0,346462;0
2020;2512077;Poço de José de Moura;0,593513;0,000296
2020;2512101;Pombal;0,461907;0,014509
2020;2512200;Prata;0,2168;0,002369
2020;2512309;Princesa Isabel;0,293605;0,002961
2020;2512408;Puxinanã;0,220794;0,002665
2020;2512507;Queimadas;0,572531;0,011548
2020;2512606;Quixaba;0,144152;0
2020;2512705;Remígio;0,274409;0,002961
2020;2512721;Pedro Régis;0,23851;0,000296
2020;2512747;Riachão;0,235616;0,000296
2020;2512754;Riachão do Bacamarte;0,334623;0
2020;2512762;Riachão do Poço;0,434866;0
2020;2512788;Riacho de Santo Antônio;0,33224;0,000296
2020;2512804;Riacho dos Cavalos;0,462255;0,000592
2020;2512903;Rio Tinto;0,348899;0,002073
2020;2513000;Salgadinho;0,361914;0
2020;2513109;Salgado de São Félix;0,243839;0,000296
2020;2513158;Santa Cecília;0,375417;0
2020;2513208;Santa Cruz;0,227203;0,000296
2020;2513307;Santa Helena;0,275234;0
2020;2513356;Santa Inês;0,291259;0
2020;2513406;Santa Luzia;0,286943;0,00148
2020;2513505;Santana de Mangueira;0,205684;0,000296
2020;2513604;Santana dos Garrotes;0,23926;0,000296
2020;2513653;Joca Claudino;0,281046;0
2020;2513703;Santa Rita;0,556009;0,011548
2020;2513802;Santa Teresinha;0,379231;0
2020;2513851;Santo André;0,229276;0
2020;2513901;São Bento;0,585062;0,002073
2020;2513927;São Bentinho;0,274806;0,000296
2020;2513943;São Domingos do Cariri;0,231661;0,000296
2020;2513968;São Domingos;0,260509;0,000296
2020;2513984;São Francisco;0,26325;0
2020;2514008;São João do Cariri;0,435808;0,001184
2020;2514107;São João do Tigre;0,31378;0
2020;2514206;São José da Lagoa Tapada;0,231844;0,000296
2020;2514305;São José de Caiana;0,250812;0
2020;2514404;São José de Espinharas;0,222383;0
2020;2514453;São José dos Ramos;0,48399;0
2020;2514503;São José de Piranhas;0,523412;0,002665
2020;2514552;São José de Princesa;0,269264;0
2020;2514602;São José do Bonfim;0,249563;0
2020;2514651;São José do Brejo do Cruz;0,477667;0,000296
2020;2514701;São José do Sabugi;0,280732;0,000296
2020;2514800;São José dos Cordeiros;0,235896;0,000296
2020;2514909;São Mamede;0,423409;0,000592
2020;2515005;São Miguel de Taipu;0,245358;0,000296
2020;2515104;São Sebastião de Lagoa de Roça;0,314824;0,002369
2020;2515203;São Sebastião do Umbuzeiro;0,391661;0
2020;2515302;Sapé;0,262244;0,008942
2020;2515401;São Vicente do Seridó;0,138365;0,000592
2020;2515500;Serra Branca;0,268046;0,007106
2020;2515609;Serra da Raiz;0,303227;0,000296
2020;2515708;Serra Grande;0,21883;0
2020;2515807;Serra Redonda;0,228529;0,000888
2020;2515906;Serraria;0,384486;0,000592
2020;2515930;Sertãozinho;0,198723;0
2020;2515971;Sobrado;0,2806;0
2020;2516003;Solânea;0,512023;0,004738
2020;2516102;Soledade;0,480244;0,003553
2020;2516151;Sossêgo;0,270856;0,000592
2020;2516201;Sousa;0,621817;0,013028
2020;2516300;Sumé;0,308607;0,00681
2020;2516409;Tacima;0,265172;0,000888
2020;2516508;Taperoá;0,502555;0,001184
2020;2516607;Tavares;0,447287;0,001184
2020;2516706;Teixeira;0,205111;0,00148
2020;2516755;Tenório;0,317201;0
2020;2516805;Triunfo;0,557247;0,000592
2020;2516904;Uiraúna;0,572092;0,001184
2020;2517001;Umbuzeiro;0,218716;0,001184
2020;2517100;Várzea;0,219787;0
2020;2517209;Vieirópolis;0,259496;0,000592
2020;2517407;Zabelê;0,249608;0
2019;2500106;Água Branca;0,329026;0
2019;2500205;Aguiar;0,235419;0
2019;2500304;Alagoa Grande;0,534829;0,014422
2019;2500403;Alagoa Nova;0,517781;0,000423
2019;2500502;Alagoinha;0,282114;0,023538
2019;2500536;Alcantil;0,235603;0,000141
2019;2500577;Algodão de Jandaíra;0,184027;0,000094
2019;2500601;Alhandra;0,216967;0,000094
2019;2500700;São João do Rio do Peixe;0,411167;0,000188
2019;2500734;Amparo;0,298991;0
2019;2500775;Aparecida;0,594773;0,009445
2019;2500809;Araçagi;0,26987;0,000188
2019;2500908;Arara;0,241524;0,000141
2019;2501005;Araruna;0,27003;0,013905
2019;2501104;Areia;0,333064;0,000752
2019;2501153;Areia de Baraúnas;0,234426;0,000047
2019;2501203;Areial;0,277409;0,000282
2019;2501302;Aroeiras;0,243874;0,000141
2019;2501351;Assunção;0,263157;0,000047
2019;2501401;Baía da Traição;0,407175;0,005266
2019;2501500;Bananeiras;0,574957;0,024344
2019;2501534;Baraúna;0,26952;0,000047
2019;2501575;Barra de Santana;0,237758;0,000094
2019;2501609;Barra de Santa Rosa;0,311773;0,000282
2019;2501708;Barra de São Miguel;0,285733;0
2019;2501807;Bayeux;0,614208;0,001081
2019;2501906;Belém;0,309256;0,000376
2019;2502003;Belém do Brejo do Cruz;0,3968;0,000047
2019;2502052;Bernardino Batista;0,531005;0,000047
2019;2502102;Boa Ventura;0,379491;0
2019;2502151;Boa Vista;0,258886;0,000282
2019;2502201;Bom Jesus;0,251504;0
2019;2502300;Bom Sucesso;0,380202;0,000047
2019;2502409;Bonito de Santa Fé;0,261848;0
2019;2502508;Boqueirão;0,371678;0,019454
2019;2502607;Igaracy;0,373436;0
2019;2502706;Borborema;0,259968;0
2019;2502805;Brejo do Cruz;0,340276;0,000094
2019;2502904;Brejo dos Santos;0,389132;0,004225
2019;2503001;Caaporã;0,225;0,000094
2019;2503100;Cabaceiras;0,462968;0,000282
2019;2503209;Cabedelo;0,638734;0,002868
2019;2503308;Cachoeira dos Índios;0,536532;0,000047
2019;2503407;Cacimba de Areia;0,224211;0
2019;2503506;Cacimba de Dentro;0,322969;0,008545
2019;2503555;Cacimbas;0,208847;0
2019;2503605;Caiçara;0,258782;0
2019;2503704;Cajazeiras;0,673098;0,003056
2019;2503753;Cajazeirinhas;0,316577;0
2019;2503803;Caldas Brandão;0,220326;0
2019;2503902;Camalaú;0,529405;0
2019;2504009;Campina Grande;0,682807;0,584085
2019;2504033;Capim;0,412263;0,000047
2019;2504074;Caraúbas;0,557212;0
2019;2504108;Carrapateira;0,19278;0,000047
2019;2504157;Casserengue;0,197824;0
2019;2504207;Catingueira;0,232211;0,000047
2019;2504306;Catolé do Rocha;0,538752;0,000329
2019;2504355;Caturité;0,292734;0,000188
2019;2504405;Conceição;0,313024;0
2019;2504504;Condado;0,43316;0,000047
2019;2504603;Conde;0,322142;0,000235
2019;2504702;Congo;0,307384;0
2019;2504801;Coremas;0,225933;0,000094
2019;2504850;Coxixola;0,416301;0
2019;2504900;Cruz do Espírito Santo;0,525037;0,000047
2019;2505006;Cubati;0,182095;0,000094
2019;2505105;Cuité;0,388182;0,000282
2019;2505204;Cuitegi;0,271996;0,000282
2019;2505238;Cuité de Mamanguape;0,224962;0,000094
2019;2505279;Curral de Cima;0,241074;0
2019;2505303;Curral Velho;0,226929;0
2019;2505352;Damião;0,278931;0
2019;2505402;Desterro;0,267941;0
2019;2505501;Vista Serrana;0,225205;0,000047
2019;2505600;Diamante;0,231157;0
2019;2505709;Dona Inês;0,414917;0,000094
2019;2505808;Duas Estradas;0,219706;0
2019;2505907;Emas;0,172778;0
2019;2506004;Esperança;0,501909;0,006957
2019;2506103;Fagundes;0,332728;0,004366
2019;2506202;Frei Martinho;0,424866;0,000047
2019;2506251;Gado Bravo;0,214266;0,000094
2019;2506301;Guarabira;0,613001;0,010472
2019;2506400;Gurinhém;0,390221;0,000047
2019;2506509;Gurjão;0,302911;0
2019;2506608;Ibiara;0,294099;0
2019;2506707;Imaculada;0,380545;0,000094
2019;2506806;Ingá;0,266409;0,000282
2019;2506905;Itabaiana;0,680379;0,005455
2019;2507002;Itaporanga;0,466955;0,000235
2019;2507101;Itapororoca;0,29614;0,010009
2019;2507200;Itatuba;0,286187;0,000188
2019;2507309;Jacaraú;0,173636;0,000141
2019;2507408;Jericó;0,471457;0
2019;2507507;João Pessoa;0,744397;0,205053
2019;2507606;Juarez Távora;0,210317;0,000047
2019;2507705;Juazeirinho;0,226939;0,000376
2019;2507804;Junco do Seridó;0,297543;0,000094
2019;2507903;Juripiranga;0,603203;0,000094
2019;2508000;Juru;0,250071;0
2019;2508109;Lagoa;0,293879;0
2019;2508208;Lagoa de Dentro;0,22786;0,000094
2019;2508307;Lagoa Seca;0,483591;0,009109
2019;2508406;Lastro;0,312657;0
2019;2508505;Livramento;0,41133;0
2019;2508554;Logradouro;0,159252;0,000047
2019;2508604;Lucena;0,565231;0,000282
2019;2508703;Mãe d'Água;0,214218;0,000047
2019;2508802;Malta;0,239704;0,000047
2019;2508901;Mamanguape;0,498505;0,015511
2019;2509008;Manaíra;0,258803;0
2019;2509057;Marcação;0,199819;0,000141
2019;2509107;Mari;0,520125;0,041199
2019;2509156;Marizópolis;0,279406;0,000047
2019;2509206;Massaranduba;0,509823;0,00047
2019;2509305;Mataraca;0,263032;0,000047
2019;2509339;Matinhas;0,25193;0,000235
2019;2509370;Mato Grosso;0,265524;0,000047
2019;2509396;Maturéia;0,218299;0
2019;2509404;Mogeiro;0,308925;0,000235
2019;2509503;Montadas;0,328736;0,000282
2019;2509602;Monte Horebe;0,446743;0,000094
2019;2509701;Monteiro;0,536621;0,000188
2019;2509800;Mulungu;0,344275;0
2019;2509909;Natuba;0,356398;0
2019;2510006;Nazarezinho;0,253729;0,000047
2019;2510105;Nova Floresta;0,336031;0,009539
2019;2510204;Nova Olinda;0,272574;0,000047
2019;2510303;Nova Palmeira;0,223711;0,000047
2019;2510402;Olho d'Água;0,228635;0
2019;2510501;Olivedos;0,246593;0,000047
2019;2510600;Ouro Velho;0,237545;0,000047
2019;2510659;Parari;0,196412;0,000094
2019;2510709;Passagem;0,23877;0,000047
2019;2510808;Patos;0,620542;0,002069
2019;2510907;Paulista;0,469708;0
2019;2511004;Pedra Branca;0,235545;0
2019;2511103;Pedra Lavrada;0,313054;0
2019;2511202;Pedras de Fogo;0,440088;0,000141
2019;2511301;Piancó;0,268398;0,000094
2019;2511400;Picuí;0,344898;0,013905
2019;2511509;Pilar;0,286813;0
2019;2511608;Pilões;0,323287;0,000141
2019;2511707;Pilõezinhos;0,198075;0,000047
2019;2511806;Pirpirituba;0,475179;0,032701
2019;2511905;Pitimbu;0,25897;0,000047
2019;2512002;Pocinhos;0,322304;0,000376
2019;2512036;Poço Dantas;0,362644;0
2019;2512077;Poço de José de Moura;0,601051;0
2019;2512101;Pombal;0,475315;0,006442
2019;2512200;Prata;0,232762;0,000047
2019;2512309;Princesa Isabel;0,309935;0,000188
2019;2512408;Puxinanã;0,245166;0,000329
2019;2512507;Queimadas;0,578065;0,005166
2019;2512606;Quixaba;0,167082;0
2019;2512705;Remígio;0,303779;0,005923
2019;2512721;Pedro Régis;0,265502;0,000047
2019;2512747;Riachão;0,259118;0,000047
2019;2512754;Riachão do Bacamarte;0,344205;0,000047
2019;2512762;Riachão do Poço;0,438249;0
2019;2512788;Riacho de Santo Antônio;0,326011;0,000094
2019;2512804;Riacho dos Cavalos;0,482541;0
2019;2512903;Rio Tinto;0,383119;0,014705
2019;2513000;Salgadinho;0,34631;0,000047
2019;2513109;Salgado de São Félix;0,274006;0
2019;2513158;Santa Cecília;0,375472;0
2019;2513208;Santa Cruz;0,239894;0,000047
2019;2513307;Santa Helena;0,283723;0
2019;2513356;Santa Inês;0,310834;0
2019;2513406;Santa Luzia;0,28957;0,005594
2019;2513505;Santana de Mangueira;0,232393;0
2019;2513604;Santana dos Garrotes;0,264589;0,000094
2019;2513653;Joca Claudino;0,296657;0,000047
2019;2513703;Santa Rita;0,557424;0,001316
2019;2513802;Santa Teresinha;0,374144;0,000094
2019;2513851;Santo André;0,237416;0
2019;2513901;São Bento;0,605839;0,000799
2019;2513927;São Bentinho;0,321019;0,000188
2019;2513943;São Domingos do Cariri;0,24933;0
2019;2513968;São Domingos;0,274935;0,000047
2019;2513984;São Francisco;0,273299;0,000141
2019;2514008;São João do Cariri;0,432588;0,000047
2019;2514107;São João do Tigre;0,321323;0
2019;2514206;São José da Lagoa Tapada;0,254361;0,000141
2019;2514305;São José de Caiana;0,273613;0
2019;2514404;São José de Espinharas;0,242243;0
2019;2514453;São José dos Ramos;0,484268;0
2019;2514503;São José de Piranhas;0,526366;0,000235
2019;2514552;São José de Princesa;0,265916;0
2019;2514602;São José do Bonfim;0,240635;0
2019;2514651;São José do Brejo do Cruz;0,479018;0
2019;2514701;São José do Sabugi;0,258248;0
2019;2514800;São José dos Cordeiros;0,238727;0,000047
2019;2514909;São Mamede;0,414094;0,000047
2019;2515005;São Miguel de Taipu;0,249121;0
2019;2515104;São Sebastião de Lagoa de Roça;0,360423;0,000376
2019;2515203;São Sebastião do Umbuzeiro;0,368896;0
2019;2515302;Sapé;0,316851;0,013858
2019;2515401;São Vicente do Seridó;0,143529;0,000376
2019;2515500;Serra Branca;0,297049;0,000188
2019;2515609;Serra da Raiz;0,328586;0
2019;2515708;Serra Grande;0,22594;0
2019;2515807;Serra Redonda;0,25897;0,000047
2019;2515906;Serraria;0,392402;0
2019;2515930;Sertãozinho;0,213518;0,02824
2019;2515971;Sobrado;0,297613;0
2019;2516003;Solânea;0,523999;0,010054
2019;2516102;Soledade;0,486147;0,003573
2019;2516151;Sossêgo;0,295416;0,000047
2019;2516201;Sousa;0,668478;0,010573
2019;2516300;Sumé;0,327071;0,000282
2019;2516409;Tacima;0,288995;0,000094
2019;2516508;Taperoá;0,535702;0
2019;2516607;Tavares;0,4497;0,000094
2019;2516706;Teixeira;0,230507;0,000047
2019;2516755;Tenório;0,29479;0
2019;2516805;Triunfo;0,554489;0
2019;2516904;Uiraúna;0,601831;0,000094
2019;2517001;Umbuzeiro;0,247915;0,000141
2019;2517100;Várzea;0,228869;0,000047
2019;2517209;Vieirópolis;0,255553;0,000047
2019;2517407;Zabelê;0,246191;0
2018;2500106;Água Branca;0,327834;0
2018;2500205;Aguiar;0,188837;0
2018;2500304;Alagoa Grande;0,406452;0,000075
2018;2500403;Alagoa Nova;0,448807;0
2018;2500502;Alagoinha;0,253812;0,000075
2018;2500536;Alcantil;0,256283;0
2018;2500577;Algodão de Jandaíra;0,167054;0
2018;2500601;Alhandra;0,222487;0,000038
2018;2500700;São João do Rio do Peixe;0,333803;0
2018;2500734;Amparo;0,289676;0
2018;2500775;Aparecida;0,329056;0
2018;2500809;Araçagi;0,287218;0,000075
2018;2500908;Arara;0,225908;0
2018;2501005;Araruna;0,256493;0,000038
2018;2501104;Areia;0,304596;0,000038
2018;2501153;Areia de Baraúnas;0,185955;0
2018;2501203;Areial;0,25796;0
2018;2501302;Aroeiras;0,321292;0
2018;2501351;Assunção;0,266129;0
2018;2501401;Baía da Traição;0,29079;0,000038
2018;2501500;Bananeiras;0,396839;0
2018;2501534;Baraúna;0,221331;0
2018;2501575;Barra de Santana;0,238663;0
2018;2501609;Barra de Santa Rosa;0,31935;0,000038
2018;2501708;Barra de São Miguel;0,310083;0
2018;2501807;Bayeux;0,497852;0,000375
2018;2501906;Belém;0,285686;0,000188
2018;2502003;Belém do Brejo do Cruz;0,304251;0
2018;2502052;Bernardino Batista;0,383837;0
2018;2502102;Boa Ventura;0,325265;0
2018;2502151;Boa Vista;0,276664;0
2018;2502201;Bom Jesus;0,189364;0
2018;2502300;Bom Sucesso;0,267305;0
2018;2502409;Bonito de Santa Fé;0,285493;0
2018;2502508;Boqueirão;0,367459;0
2018;2502607;Igaracy;0,364867;0,000038
2018;2502706;Borborema;0,246505;0
2018;2502805;Brejo do Cruz;0,260543;0,000075
2018;2502904;Brejo dos Santos;0,304828;0
2018;2503001;Caaporã;0,266944;0,000038
2018;2503100;Cabaceiras;0,415963;0
2018;2503209;Cabedelo;0,604539;0,001894
2018;2503308;Cachoeira dos Índios;0,297812;0,000075
2018;2503407;Cacimba de Areia;0,203575;0
2018;2503506;Cacimba de Dentro;0,267928;0
2018;2503555;Cacimbas;0,260737;0
2018;2503605;Caiçara;0,179612;0
2018;2503704;Cajazeiras;0,461527;0,006918
2018;2503753;Cajazeirinhas;0,251821;0
2018;2503803;Caldas Brandão;0,16906;0
2018;2503902;Camalaú;0,268329;0
2018;2504009;Campina Grande;0,492711;0,012201
2018;2504033;Capim;0,424727;0
2018;2504074;Caraúbas;0,374148;0
2018;2504108;Carrapateira;0,196941;0
2018;2504157;Casserengue;0,195311;0
2018;2504207;Catingueira;0,249718;0
2018;2504306;Catolé do Rocha;0,507783;0,000075
2018;2504355;Caturité;0,297425;0
2018;2504405;Conceição;0,276913;0,000038
2018;2504504;Condado;0,476388;0,000075
2018;2504603;Conde;0,359904;0
2018;2504702;Congo;0,302658;0
2018;2504801;Coremas;0,196001;0
2018;2504850;Coxixola;0,408698;0
2018;2504900;Cruz do Espírito Santo;0,282625;0
2018;2505006;Cubati;0,202693;0
2018;2505105;Cuité;0,411797;0
2018;2505204;Cuitegi;0,26908;0,000075
2018;2505238;Cuité de Mamanguape;0,199855;0
2018;2505279;Curral de Cima;0,24136;0
2018;2505303;Curral Velho;0,180597;0
2018;2505352;Damião;0,275822;0
2018;2505402;Desterro;0,240569;0
2018;2505501;Vista Serrana;0,21182;0
2018;2505600;Diamante;0,136707;0
2018;2505709;Dona Inês;0,417066;0,000075
2018;2505808;Duas Estradas;0,197398;0
2018;2505907;Emas;0,174408;0
2018;2506004;Esperança;0,297979;0
2018;2506103;Fagundes;0,333864;0
2018;2506202;Frei Martinho;0,36238;0
2018;2506251;Gado Bravo;0,242912;0
2018;2506301;Guarabira;0,331772;0,000788
2018;2506400;Gurinhém;0,417189;0,000038
2018;2506509;Gurjão;0,288037;0
2018;2506608;Ibiara;0,256752;0
2018;2506707;Imaculada;0,37364;0
2018;2506806;Ingá;0,294858;0
2018;2506905;Itabaiana;0,467333;0,001181
2018;2507002;Itaporanga;0,44292;0
2018;2507101;Itapororoca;0,323986;0
2018;2507200;Itatuba;0,260059;0
2018;2507309;Jacaraú;0,174545;0
2018;2507408;Jericó;0,387438;0
2018;2507507;João Pessoa;0,614471;0,07156
2018;2507606;Juarez Távora;0,206688;0
2018;2507705;Juazeirinho;0,258399;0
2018;2507804;Junco do Seridó;0,33991;0
2018;2507903;Juripiranga;0,486476;0
2018;2508000;Juru;0,286077;0
2018;2508109;Lagoa;0,217194;0,000038
2018;2508208;Lagoa de Dentro;0,204999;0
2018;2508307;Lagoa Seca;0,498472;0
2018;2508406;Lastro;0,257246;0
2018;2508505;Livramento;0,390302;0
2018;2508554;Logradouro;0,165865;0,000038
2018;2508604;Lucena;0,443467;0,000038
2018;2508703;Mãe d'Água;0,17645;0
2018;2508802;Malta;0,241604;0
2018;2508901;Mamanguape;0,304358;0,000075
2018;2509008;Manaíra;0,232427;0
2018;2509057;Marcação;0,155957;0
2018;2509107;Mari;0,290737;0,000113
2018;2509156;Marizópolis;0,279417;0,000038
2018;2509206;Massaranduba;0,234128;0
2018;2509305;Mataraca;0,252894;0,000113
2018;2509339;Matinhas;0,275504;0
2018;2509370;Mato Grosso;0,203187;0
2018;2509396;Maturéia;0,200872;0
2018;2509404;Mogeiro;0,306088;0
2018;2509503;Montadas;0,254034;0
2018;2509602;Monte Horebe;0,183457;0
2018;2509701;Monteiro;0,505709;0
2018;2509800;Mulungu;0,406957;0,000038
2018;2509909;Natuba;0,352348;0
2018;2510006;Nazarezinho;0,243492;0
2018;2510105;Nova Floresta;0,3138;0
2018;2510204;Nova Olinda;0,235182;0
2018;2510303;Nova Palmeira;0,235033;0
2018;2510402;Olho d'Água;0,224871;0
2018;2510501;Olivedos;0,200036;0
2018;2510600;Ouro Velho;0,202839;0
2018;2510659;Parari;0,168323;0
2018;2510709;Passagem;0,222626;0
2018;2510808;Patos;0,702982;0,00015
2018;2510907;Paulista;0,310596;0
2018;2511004;Pedra Branca;0,187549;0
2018;2511103;Pedra Lavrada;0,304509;0
2018;2511202;Pedras de Fogo;0,323806;0
2018;2511301;Piancó;0,269153;0
2018;2511400;Picuí;0,313528;0
2018;2511509;Pilar;0,294401;0
2018;2511608;Pilões;0,302601;0,000038
2018;2511707;Pilõezinhos;0,237095;0,000038
2018;2511806;Pirpirituba;0,483801;0
2018;2511905;Pitimbu;0,261981;0,000038
2018;2512002;Pocinhos;0,323275;0
2018;2512036;Poço Dantas;0,310499;0
2018;2512077;Poço de José de Moura;0,372032;0,000113
2018;2512101;Pombal;0,501694;0,000488
2018;2512200;Prata;0,19952;0
2018;2512309;Princesa Isabel;0,333826;0
2018;2512408;Puxinanã;0,248659;0
2018;2512507;Queimadas;0,313511;0
2018;2512606;Quixaba;0,161674;0
2018;2512705;Remígio;0,284234;0
2018;2512721;Pedro Régis;0,274662;0
2018;2512747;Riachão;0,268475;0
2018;2512754;Riachão do Bacamarte;0,377278;0
2018;2512762;Riachão do Poço;0,473001;0
2018;2512788;Riacho de Santo Antônio;0,305279;0
2018;2512804;Riacho dos Cavalos;0,352349;0
2018;2512903;Rio Tinto;0,350323;0
2018;2513000;Salgadinho;0,324452;0
2018;2513109;Salgado de São Félix;0,234534;0
2018;2513158;Santa Cecília;0,385806;0
2018;2513208;Santa Cruz;0,217583;0
2018;2513307;Santa Helena;0,263402;0
2018;2513356;Santa Inês;0,271298;0
2018;2513406;Santa Luzia;0,329663;0
2018;2513505;Santana de Mangueira;0,227024;0
2018;2513604;Santana dos Garrotes;0,23653;0
2018;2513653;Joca Claudino;0,311011;0
2018;2513703;Santa Rita;0,313539;0,0003
2018;2513802;Santa Teresinha;0,349498;0
2018;2513851;Santo André;0,24603;0
2018;2513901;São Bento;0,456624;0,0012
2018;2513927;São Bentinho;0,248476;0
2018;2513943;São Domingos do Cariri;0,210108;0
2018;2513968;São Domingos;0,267712;0
2018;2513984;São Francisco;0,235389;0,000038
2018;2514008;São João do Cariri;0,436903;0
2018;2514107;São João do Tigre;0,298521;0
2018;2514206;São José da Lagoa Tapada;0,209236;0
2018;2514305;São José de Caiana;0,280843;0
2018;2514404;São José de Espinharas;0,21588;0
2018;2514453;São José dos Ramos;0,487436;0
2018;2514503;São José de Piranhas;0,357324;0,000075
2018;2514552;São José de Princesa;0,190731;0
2018;2514602;São José do Bonfim;0,237849;0
2018;2514651;São José do Brejo do Cruz;0,408306;0
2018;2514701;São José do Sabugi;0,258116;0
2018;2514800;São José dos Cordeiros;0,184516;0
2018;2514909;São Mamede;0,414081;0,000038
2018;2515005;São Miguel de Taipu;0,263374;0
2018;2515104;São Sebastião de Lagoa de Roça;0,342885;0
2018;2515203;São Sebastião do Umbuzeiro;0,367979;0
2018;2515302;Sapé;0,307229;0,000263
2018;2515401;São Vicente do Seridó;0,216485;0
2018;2515500;Serra Branca;0,317237;0
2018;2515609;Serra da Raiz;0,34464;0
2018;2515708;Serra Grande;0,214175;0
2018;2515807;Serra Redonda;0,251446;0
2018;2515906;Serraria;0,428382;0,000038
2018;2515930;Sertãozinho;0,238865;0,000038
2018;2515971;Sobrado;0,277328;0
2018;2516003;Solânea;0,452611;0,000075
2018;2516102;Soledade;0,470991;0
2018;2516151;Sossêgo;0,241449;0
2018;2516201;Sousa;0,594332;0,005023
2018;2516300;Sumé;0,302488;0
2018;2516409;Tacima;0,294819;0,000038
2018;2516508;Taperoá;0,41412;0
2018;2516607;Tavares;0,343981;0
2018;2516706;Teixeira;0,226009;0
2018;2516755;Tenório;0,313059;0
2018;2516805;Triunfo;0,294312;0
2018;2516904;Uiraúna;0,456333;0,000075
2018;2517001;Umbuzeiro;0,270928;0,000038
2018;2517100;Várzea;0,239057;0,000038
2018;2517209;Vieirópolis;0,251956;0
2018;2517407;Zabelê;0,252021;0
2017;2500106;Água Branca;0,305445;0,000054
2017;2500205;Aguiar;0,228985;0
2017;2500304;Alagoa Grande;0,546758;0
2017;2500403;Alagoa Nova;0,459655;0
2017;2500502;Alagoinha;0,255788;0
2017;2500536;Alcantil;0,238911;0
2017;2500577;Algodão de Jandaíra;0,259712;0
2017;2500601;Alhandra;0,248753;0,00161
2017;2500700;São João do Rio do Peixe;0,307317;0,000697
2017;2500734;Amparo;0,27551;0
2017;2500775;Aparecida;0,391978;0,000215
2017;2500809;Araçagi;0,285345;0,000161
2017;2500908;Arara;0,282671;0
2017;2501005;Araruna;0,279237;0
2017;2501104;Areia;0,25028;0,000107
2017;2501153;Areia de Baraúnas;0,212633;0
2017;2501203;Areial;0,206934;0,000054
2017;2501302;Aroeiras;0,343968;0
2017;2501351;Assunção;0,263884;0
2017;2501401;Baía da Traição;0,404133;0
2017;2501500;Bananeiras;0,469864;0,000054
2017;2501534;Baraúna;0,240478;0,000054
2017;2501575;Barra de Santana;0,238847;0
2017;2501609;Barra de Santa Rosa;0,317291;0
2017;2501708;Barra de São Miguel;0,309023;0,000054
2017;2501807;Bayeux;0,532628;0,001448
2017;2501906;Belém;0,283502;0
2017;2502003;Belém do Brejo do Cruz;0,26095;0
2017;2502052;Bernardino Batista;0,381859;0
2017;2502102;Boa Ventura;0,253359;0
2017;2502151;Boa Vista;0,223927;0,000054
2017;2502201;Bom Jesus;0,208249;0,000107
2017;2502300;Bom Sucesso;0,254969;0
2017;2502409;Bonito de Santa Fé;0,222239;0,000054
2017;2502508;Boqueirão;0,219366;0
2017;2502607;Igaracy;0,23329;0
2017;2502706;Borborema;0,230716;0
2017;2502805;Brejo do Cruz;0,272785;0
2017;2502904;Brejo dos Santos;0,389136;0
2017;2503001;Caaporã;0,252974;0,000429
2017;2503100;Cabaceiras;0,377141;0
2017;2503209;Cabedelo;0,569218;0,002949
2017;2503308;Cachoeira dos Índios;0,219102;0,000322
2017;2503407;Cacimba de Areia;0,249875;0
2017;2503506;Cacimba de Dentro;0,242084;0
2017;2503555;Cacimbas;0,266023;0
2017;2503605;Caiçara;0,185432;0
2017;2503704;Cajazeiras;0,546633;0,00563
2017;2503753;Cajazeirinhas;0,253347;0
2017;2503803;Caldas Brandão;0,218907;0,000054
2017;2503902;Camalaú;0,505974;0
2017;2504009;Campina Grande;0,491647;0,002895
2017;2504033;Capim;0,400784;0,000054
2017;2504074;Caraúbas;0,514357;0
2017;2504108;Carrapateira;0,276201;0
2017;2504157;Casserengue;0,18505;0
2017;2504207;Catingueira;0,198023;0,000054
2017;2504306;Catolé do Rocha;0,394258;0,001449
2017;2504355;Caturité;0,253113;0
2017;2504405;Conceição;0,247464;0,000054
2017;2504504;Condado;0,308671;0,000054
2017;2504603;Conde;0,321974;0,000161
2017;2504702;Congo;0,325692;0
2017;2504801;Coremas;0,212226;0
2017;2504850;Coxixola;0,284007;0
2017;2504900;Cruz do Espírito Santo;0,507983;0,000054
2017;2505006;Cubati;0,22357;0
2017;2505105;Cuité;0,280385;0
2017;2505204;Cuitegi;0,279333;0,000054
2017;2505238;Cuité de Mamanguape;0,195547;0,000054
2017;2505279;Curral de Cima;0,205436;0
2017;2505303;Curral Velho;0,189925;0,000054
2017;2505352;Damião;0,298774;0
2017;2505402;Desterro;0,277129;0
2017;2505501;Vista Serrana;0,167636;0
2017;2505600;Diamante;0,213205;0
2017;2505709;Dona Inês;0,426761;0,000161
2017;2505808;Duas Estradas;0,210711;0,000054
2017;2505907;Emas;0,212337;0
2017;2506004;Esperança;0,527898;0,000161
2017;2506103;Fagundes;0,220314;0
2017;2506202;Frei Martinho;0,243376;0
2017;2506251;Gado Bravo;0,274415;0
2017;2506301;Guarabira;0,525182;0,001394
2017;2506400;Gurinhém;0,394236;0,000375
2017;2506509;Gurjão;0,233769;0
2017;2506608;Ibiara;0,24366;0
2017;2506707;Imaculada;0,389245;0
2017;2506806;Ingá;0,345622;0
2017;2506905;Itabaiana;0,525698;0,000215
2017;2507002;Itaporanga;0,409387;0
2017;2507101;Itapororoca;0,282256;0,000054
2017;2507200;Itatuba;0,248759;0
2017;2507309;Jacaraú;0,191628;0,000054
2017;2507408;Jericó;0,395591;0,000161
2017;2507507;João Pessoa;0,645844;0,033024
2017;2507606;Juarez Távora;0,200179;0
2017;2507705;Juazeirinho;0,279479;0
2017;2507804;Junco do Seridó;0,254483;0
2017;2507903;Juripiranga;0,229699;0
2017;2508000;Juru;0,321723;0,000054
2017;2508109;Lagoa;0,232341;0,000107
2017;2508208;Lagoa de Dentro;0,241406;0
2017;2508307;Lagoa Seca;0,402617;0
2017;2508406;Lastro;0,292783;0,000107
2017;2508505;Livramento;0,406113;0
2017;2508554;Logradouro;0,217416;0
2017;2508604;Lucena;0,499364;0,000375
2017;2508703;Mãe d'Água;0,22292;0
2017;2508802;Malta;0,156304;0,000054
2017;2508901;Mamanguape;0,509946;0,000697
2017;2509008;Manaíra;0,26401;0
2017;2509057;Marcação;0,167768;0,000054
2017;2509107;Mari;0,490935;0,000107
2017;2509156;Marizópolis;0,261172;0,000054
2017;2509206;Massaranduba;0,392154;0
2017;2509305;Mataraca;0,232916;0,000054
2017;2509339;Matinhas;0,242216;0
2017;2509370;Mato Grosso;0,181305;0
2017;2509396;Maturéia;0,218884;0,000054
2017;2509404;Mogeiro;0,303798;0,000054
2017;2509503;Montadas;0,246259;0
2017;2509602;Monte Horebe;0,3804;0,000107
2017;2509701;Monteiro;0,5737;0
2017;2509800;Mulungu;0,303393;0
2017;2509909;Natuba;0,273703;0
2017;2510006;Nazarezinho;0,237829;0,000054
2017;2510105;Nova Floresta;0,294472;0
2017;2510204;Nova Olinda;0,246731;0
2017;2510303;Nova Palmeira;0,18828;0
2017;2510402;Olho d'Água;0,240155;0
2017;2510501;Olivedos;0,196346;0
2017;2510600;Ouro Velho;0,173288;0
2017;2510659;Parari;0,233899;0
2017;2510709;Passagem;0,195488;0,000054
2017;2510808;Patos;0,658153;0,002359
2017;2510907;Paulista;0,342703;0,000161
2017;2511004;Pedra Branca;0,203811;0
2017;2511103;Pedra Lavrada;0,312005;0
2017;2511202;Pedras de Fogo;0,34978;0,00321
2017;2511301;Piancó;0,269245;0,000054
2017;2511400;Picuí;0,314756;0
2017;2511509;Pilar;0,21466;0,000107
2017;2511608;Pilões;0,1992;0
2017;2511707;Pilõezinhos;0,257723;0,000054
2017;2511806;Pirpirituba;0,289305;0,000054
2017;2511905;Pitimbu;0,268065;0,000054
2017;2512002;Pocinhos;0,279088;0
2017;2512036;Poço Dantas;0,318158;0
2017;2512077;Poço de José de Moura;0,532584;0,000268
2017;2512101;Pombal;0,455006;0,000536
2017;2512200;Prata;0,210812;0
2017;2512309;Princesa Isabel;0,264158;0
2017;2512408;Puxinanã;0,185921;0
2017;2512507;Queimadas;0,454386;0
2017;2512606;Quixaba;0,146415;0
2017;2512705;Remígio;0,239056;0,000054
2017;2512721;Pedro Régis;0,241917;0
2017;2512747;Riachão;0,248562;0
2017;2512754;Riachão do Bacamarte;0,284248;0
2017;2512762;Riachão do Poço;0,492238;0
2017;2512788;Riacho de Santo Antônio;0,393315;0
2017;2512804;Riacho dos Cavalos;0,256778;0
2017;2512903;Rio Tinto;0,299663;0,000161
2017;2513000;Salgadinho;0,238646;0
2017;2513109;Salgado de São Félix;0,248995;0
2017;2513158;Santa Cecília;0,25643;0
2017;2513208;Santa Cruz;0,245204;0,000322
2017;2513307;Santa Helena;0,243756;0,000429
2017;2513356;Santa Inês;0,233573;0
2017;2513406;Santa Luzia;0,339071;0,000161
2017;2513505;Santana de Mangueira;0,24959;0
2017;2513604;Santana dos Garrotes;0,250033;0
2017;2513653;Joca Claudino;0,29004;0,000107
2017;2513703;Santa Rita;0,544391;0,001448
2017;2513802;Santa Teresinha;0,368787;0,000054
2017;2513851;Santo André;0,332419;0
2017;2513901;São Bento;0,394162;0,000161
2017;2513927;São Bentinho;0,241449;0,000054
2017;2513943;São Domingos do Cariri;0,168409;0
2017;2513968;São Domingos;0,257114;0
2017;2513984;São Francisco;0,228683;0,000161
2017;2514008;São João do Cariri;0,371616;0
2017;2514107;São João do Tigre;0,264733;0
2017;2514206;São José da Lagoa Tapada;0,192223;0,000161
2017;2514305;São José de Caiana;0,282347;0
2017;2514404;São José de Espinharas;0,226171;0,000054
2017;2514453;São José dos Ramos;0,283176;0,000054
2017;2514503;São José de Piranhas;0,306039;0,000697
2017;2514552;São José de Princesa;0,26582;0
2017;2514602;São José do Bonfim;0,204304;0
2017;2514651;São José do Brejo do Cruz;0,382885;0
2017;2514701;São José do Sabugi;0,371441;0,000107
2017;2514800;São José dos Cordeiros;0,208587;0
2017;2514909;São Mamede;0,417606;0,000054
2017;2515005;São Miguel de Taipu;0,209678;0
2017;2515104;São Sebastião de Lagoa de Roça;0,309981;0
2017;2515203;São Sebastião do Umbuzeiro;0,362768;0
2017;2515302;Sapé;0,245697;0,000536
2017;2515401;São Vicente do Seridó;0,298333;0
2017;2515500;Serra Branca;0,257974;0
2017;2515609;Serra da Raiz;0,219652;0
2017;2515708;Serra Grande;0,206719;0,000161
2017;2515807;Serra Redonda;0,195903;0
2017;2515906;Serraria;0,441771;0
2017;2515930;Sertãozinho;0,244593;0,000107
2017;2515971;Sobrado;0,184565;0
2017;2516003;Solânea;0,54511;0
2017;2516102;Soledade;0,416458;0
2017;2516151;Sossêgo;0,25777;0
2017;2516201;Sousa;0,577462;0,006274
2017;2516300;Sumé;0,312253;0,000054
2017;2516409;Tacima;0,317412;0
2017;2516508;Taperoá;0,377284;0
2017;2516607;Tavares;0,352673;0
2017;2516706;Teixeira;0,300628;0,000054
2017;2516755;Tenório;0,236518;0
2017;2516805;Triunfo;0,543299;0,000161
2017;2516904;Uiraúna;0,35524;0,000536
2017;2517001;Umbuzeiro;0,27027;0,000054
2017;2517100;Várzea;0,266383;0
2017;2517209;Vieirópolis;0,296003;0
2017;2517407;Zabelê;0,211464;0
2016;2500106;Água Branca;0,279105;0,000643
2016;2500205;Aguiar;0,180344;0
2016;2500304;Alagoa Grande;0,498477;0
2016;2500403;Alagoa Nova;0,431381;0,000026
2016;2500502;Alagoinha;0,226745;0
2016;2500536;Alcantil;0,235124;0,000669
2016;2500577;Algodão de Jandaíra;0,224828;0
2016;2500601;Alhandra;0,261707;0,000103
2016;2500700;São João do Rio do Peixe;0,273037;0,000077
2016;2500734;Amparo;0,308577;0
2016;2500775;Aparecida;0,403435;0,000103
2016;2500809;Araçagi;0,260695;0,000026
2016;2500908;Arara;0,255135;0
2016;2501005;Araruna;0,251877;0,000026
2016;2501104;Areia;0,187949;0,000103
2016;2501153;Areia de Baraúnas;0,172345;0
2016;2501203;Areial;0,194726;0
2016;2501302;Aroeiras;0,326948;0
2016;2501351;Assunção;0,217217;0,000026
2016;2501401;Baía da Traição;0,390518;0
2016;2501500;Bananeiras;0,452673;0,000129
2016;2501534;Baraúna;0,220587;0
2016;2501575;Barra de Santana;0,213542;0
2016;2501609;Barra de Santa Rosa;0,284976;0,000077
2016;2501708;Barra de São Miguel;0,282377;0
2016;2501807;Bayeux;0,50787;0,000412
2016;2501906;Belém;0,248149;0,000206
2016;2502003;Belém do Brejo do Cruz;0,235633;0
2016;2502052;Bernardino Batista;0,361081;0
2016;2502102;Boa Ventura;0,241685;0,000051
2016;2502151;Boa Vista;0,208385;0
2016;2502201;Bom Jesus;0,248932;0,000051
2016;2502300;Bom Sucesso;0,225538;0
2016;2502409;Bonito de Santa Fé;0,194807;0
2016;2502508;Boqueirão;0,211367;0,000026
2016;2502607;Igaracy;0,207211;0
2016;2502706;Borborema;0,229132;0
2016;2502805;Brejo do Cruz;0,240611;0,000026
2016;2502904;Brejo dos Santos;0,334505;0
2016;2503001;Caaporã;0,236218;0,000978
2016;2503100;Cabaceiras;0,380988;0
2016;2503209;Cabedelo;0,537155;0,00018
2016;2503308;Cachoeira dos Índios;0,279704;0,000103
2016;2503407;Cacimba de Areia;0,209036;0
2016;2503506;Cacimba de Dentro;0,236342;0
2016;2503555;Cacimbas;0,216875;0
2016;2503605;Caiçara;0,18142;0
2016;2503704;Cajazeiras;0,554439;0,003576
2016;2503753;Cajazeirinhas;0,203254;0
2016;2503803;Caldas Brandão;0,191108;0,000026
2016;2503902;Camalaú;0,48143;0
2016;2504009;Campina Grande;0,466513;0,006277
2016;2504033;Capim;0,352943;0
2016;2504074;Caraúbas;0,488193;0
2016;2504108;Carrapateira;0,233909;0
2016;2504157;Casserengue;0,162615;0
2016;2504207;Catingueira;0,174697;0
2016;2504306;Catolé do Rocha;0,343478;0,000051
2016;2504355;Caturité;0,248678;0,000026
2016;2504405;Conceição;0,232974;0,000026
2016;2504504;Condado;0,301653;0,000026
2016;2504603;Conde;0,284107;0,000077
2016;2504702;Congo;0,284607;0
2016;2504801;Coremas;0,198249;0,000026
2016;2504850;Coxixola;0,251427;0,000026
2016;2504900;Cruz do Espírito Santo;0,538293;0,000026
2016;2505006;Cubati;0,188305;0
2016;2505105;Cuité;0,267491;0,000077
2016;2505204;Cuitegi;0,245171;0,000026
2016;2505238;Cuité de Mamanguape;0,14968;0
2016;2505279;Curral de Cima;0,172819;0
2016;2505303;Curral Velho;0,151347;0
2016;2505352;Damião;0,254376;0
2016;2505402;Desterro;0,242215;0
2016;2505501;Vista Serrana;0,149648;0,000026
2016;2505600;Diamante;0,223963;0
2016;2505709;Dona Inês;0,410728;0,000051
2016;2505808;Duas Estradas;0,188826;0,000051
2016;2505907;Emas;0,180083;0,000026
2016;2506004;Esperança;0,517011;0,000077
2016;2506103;Fagundes;0,184415;0
2016;2506202;Frei Martinho;0,23107;0
2016;2506251;Gado Bravo;0,236662;0
2016;2506301;Guarabira;0,518435;0,000309
2016;2506400;Gurinhém;0,345822;0
2016;2506509;Gurjão;0,223856;0
2016;2506608;Ibiara;0,223765;0,000026
2016;2506707;Imaculada;0,383034;0,000026
2016;2506806;Ingá;0,308009;0,000026
2016;2506905;Itabaiana;0,509024;0,000129
2016;2507002;Itaporanga;0,382165;0,000154
2016;2507101;Itapororoca;0,252586;0,000103
2016;2507200;Itatuba;0,22734;0
2016;2507309;Jacaraú;0,157196;0
2016;2507408;Jericó;0,357147;0
2016;2507507;João Pessoa;0,659525;0,01573
2016;2507606;Juarez Távora;0,199415;0
2016;2507705;Juazeirinho;0,235148;0,000051
2016;2507804;Junco do Seridó;0,226939;0,000026
2016;2507903;Juripiranga;0,236216;0,000051
2016;2508000;Juru;0,303056;0,000026
2016;2508109;Lagoa;0,156724;0,000026
2016;2508208;Lagoa de Dentro;0,204708;0
2016;2508307;Lagoa Seca;0,392342;0,000077
2016;2508406;Lastro;0,258115;0
2016;2508505;Livramento;0,39088;0
2016;2508554;Logradouro;0,185088;0
2016;2508604;Lucena;0,463075;0,000026
2016;2508703;Mãe d'Água;0,186883;0,000026
2016;2508802;Malta;0,142384;0,000026
2016;2508901;Mamanguape;0,46232;0,000051
2016;2509008;Manaíra;0,232372;0
2016;2509057;Marcação;0,14409;0,000026
2016;2509107;Mari;0,485824;0,000026
2016;2509156;Marizópolis;0,244026;0
2016;2509206;Massaranduba;0,357494;0
2016;2509305;Mataraca;0,207728;0
2016;2509339;Matinhas;0,212532;0
2016;2509370;Mato Grosso;0,133257;0
2016;2509396;Maturéia;0,207491;0,000026
2016;2509404;Mogeiro;0,302348;0,000077
2016;2509503;Montadas;0,229118;0
2016;2509602;Monte Horebe;0,357259;0,000077
2016;2509701;Monteiro;0,58566;0,000566
2016;2509800;Mulungu;0,306626;0
2016;2509909;Natuba;0,206047;0
2016;2510006;Nazarezinho;0,251128;0
2016;2510105;Nova Floresta;0,264257;0
2016;2510204;Nova Olinda;0,207811;0
2016;2510303;Nova Palmeira;0,176962;0
2016;2510402;Olho d'Água;0,198856;0
2016;2510501;Olivedos;0,180902;0,000026
2016;2510600;Ouro Velho;0,177854;0,000103
2016;2510659;Parari;0,205859;0
2016;2510709;Passagem;0,171196;0,000026
2016;2510808;Patos;0,638165;0,001621
2016;2510907;Paulista;0,292478;0,000026
2016;2511004;Pedra Branca;0,180019;0,000051
2016;2511103;Pedra Lavrada;0,305573;0
2016;2511202;Pedras de Fogo;0,35236;0,000103
2016;2511301;Piancó;0,224677;0,000077
2016;2511400;Picuí;0,289441;0,000051
2016;2511509;Pilar;0,180165;0,000051
2016;2511608;Pilões;0,170072;0
2016;2511707;Pilõezinhos;0,221339;0
2016;2511806;Pirpirituba;0,264451;0
2016;2511905;Pitimbu;0,256368;0,000077
2016;2512002;Pocinhos;0,278204;0,000026
2016;2512036;Poço Dantas;0,297835;0,000051
2016;2512077;Poço de José de Moura;0,540801;0,000154
2016;2512101;Pombal;0,41954;0,000463
2016;2512200;Prata;0,175706;0,000695
2016;2512309;Princesa Isabel;0,226234;0,000026
2016;2512408;Puxinanã;0,159713;0,000026
2016;2512507;Queimadas;0,444991;0,000077
2016;2512606;Quixaba;0,133233;0
2016;2512705;Remígio;0,235839;0,000026
2016;2512721;Pedro Régis;0,2503;0,000026
2016;2512747;Riachão;0,226416;0
2016;2512754;Riachão do Bacamarte;0,242218;0
2016;2512762;Riachão do Poço;0,430115;0
2016;2512788;Riacho de Santo Antônio;0,370285;0
2016;2512804;Riacho dos Cavalos;0,232395;0,000026
2016;2512903;Rio Tinto;0,292739;0,000077
2016;2513000;Salgadinho;0,215852;0,000309
2016;2513109;Salgado de São Félix;0,216457;0,000026
2016;2513158;Santa Cecília;0,227615;0
2016;2513208;Santa Cruz;0,232897;0,000026
2016;2513307;Santa Helena;0,207569;0
2016;2513356;Santa Inês;0,2082;0
2016;2513406;Santa Luzia;0,278855;0,000283
2016;2513505;Santana de Mangueira;0,210335;0
2016;2513604;Santana dos Garrotes;0,238232;0
2016;2513653;Joca Claudino;0,244234;0
2016;2513703;Santa Rita;0,529726;0,000695
2016;2513802;Santa Teresinha;0,346224;0
2016;2513851;Santo André;0,224768;0
2016;2513901;São Bento;0,313428;0,001029
2016;2513927;São Bentinho;0,201108;0,000051
2016;2513943;São Domingos do Cariri;0,156603;0
2016;2513968;São Domingos;0,231578;0
2016;2513984;São Francisco;0,224689;0,000051
2016;2514008;São João do Cariri;0,332072;0,000026
2016;2514107;São João do Tigre;0,234242;0,000026
2016;2514206;São José da Lagoa Tapada;0,19753;0
2016;2514305;São José de Caiana;0,226527;0
2016;2514404;São José de Espinharas;0,198244;0,000026
2016;2514453;São José dos Ramos;0,252766;0
2016;2514503;São José de Piranhas;0,307467;0,000334
2016;2514552;São José de Princesa;0,19579;0
2016;2514602;São José do Bonfim;0,169145;0
2016;2514651;São José do Brejo do Cruz;0,325729;0
2016;2514701;São José do Sabugi;0,268553;0,000206
2016;2514800;São José dos Cordeiros;0,165583;0
2016;2514909;São Mamede;0,387474;0
2016;2515005;São Miguel de Taipu;0,199551;0
2016;2515104;São Sebastião de Lagoa de Roça;0,283886;0
2016;2515203;São Sebastião do Umbuzeiro;0,425469;0
2016;2515302;Sapé;0,226198;0,000051
2016;2515401;São Vicente do Seridó;0,288577;0
2016;2515500;Serra Branca;0,293973;0,000051
2016;2515609;Serra da Raiz;0,204786;0
2016;2515708;Serra Grande;0,179266;0,000026
2016;2515807;Serra Redonda;0,178058;0
2016;2515906;Serraria;0,422581;0,000051
2016;2515930;Sertãozinho;0,220533;0,000026
2016;2515971;Sobrado;0,152679;0
2016;2516003;Solânea;0,518349;0,000129
2016;2516102;Soledade;0,384729;0,000051
2016;2516151;Sossêgo;0,220737;0
2016;2516201;Sousa;0,561989;0,001441
2016;2516300;Sumé;0,285373;0,000206
2016;2516409;Tacima;0,287674;0
2016;2516508;Taperoá;0,346036;0
2016;2516607;Tavares;0,306834;0
2016;2516706;Teixeira;0,263322;0,000026
2016;2516755;Tenório;0,212518;0
2016;2516805;Triunfo;0,548453;0,000103
2016;2516904;Uiraúna;0,34668;0,000206
2016;2517001;Umbuzeiro;0,23101;0,000026
2016;2517100;Várzea;0,235231;0,000051
2016;2517209;Vieirópolis;0,282746;0
2016;2517407;Zabelê;0,207363;0
2015;2500106;Água Branca;0,286165;0
2015;2500205;Aguiar;0,186465;0
2015;2500304;Alagoa Grande;0,522457;0
2015;2500403;Alagoa Nova;0,430336;0
2015;2500502;Alagoinha;0,276516;0
2015;2500536;Alcantil;0,243289;0
2015;2500577;Algodão de Jandaíra;0,226998;0
2015;2500601;Alhandra;0,261707;0,000067
2015;2500700;São João do Rio do Peixe;0,326238;0,000401
2015;2500734;Amparo;0,262737;0
2015;2500775;Aparecida;0,39449;0,000334
2015;2500809;Araçagi;0,254234;0
2015;2500908;Arara;0,251202;0
2015;2501005;Araruna;0,249671;0
2015;2501104;Areia;0,245542;0,000134
2015;2501153;Areia de Baraúnas;0,244843;0
2015;2501203;Areial;0,203184;0
2015;2501302;Aroeiras;0,311572;0,000067
2015;2501351;Assunção;0,223174;0
2015;2501401;Baía da Traição;0,390156;0
2015;2501500;Bananeiras;0,456216;0,000067
2015;2501534;Baraúna;0,219446;0
2015;2501575;Barra de Santana;0,223002;0
2015;2501609;Barra de Santa Rosa;0,286676;0
2015;2501708;Barra de São Miguel;0,279954;0
2015;2501807;Bayeux;0,55476;0,000735
2015;2501906;Belém;0,287351;0
2015;2502003;Belém do Brejo do Cruz;0,246968;0
2015;2502052;Bernardino Batista;0,358871;0
2015;2502102;Boa Ventura;0,224163;0,000067
2015;2502151;Boa Vista;0,257387;0
2015;2502201;Bom Jesus;0,252614;0
2015;2502300;Bom Sucesso;0,286789;0
2015;2502409;Bonito de Santa Fé;0,197448;0
2015;2502508;Boqueirão;0,209362;0
2015;2502607;Igaracy;0,207285;0
2015;2502706;Borborema;0,22961;0
2015;2502805;Brejo do Cruz;0,236011;0
2015;2502904;Brejo dos Santos;0,41554;0,000067
2015;2503001;Caaporã;0,2435;0
2015;2503100;Cabaceiras;0,384415;0
2015;2503209;Cabedelo;0,548416;0,0002
2015;2503308;Cachoeira dos Índios;0,264675;0,000467
2015;2503407;Cacimba de Areia;0,227855;0
2015;2503506;Cacimba de Dentro;0,236342;0
2015;2503555;Cacimbas;0,225683;0,000067
2015;2503605;Caiçara;0,177005;0
2015;2503704;Cajazeiras;0,562115;0,004341
2015;2503753;Cajazeirinhas;0,219461;0
2015;2503803;Caldas Brandão;0,187867;0
2015;2503902;Camalaú;0,470942;0
2015;2504009;Campina Grande;0,483346;0,003673
2015;2504033;Capim;0,411812;0
2015;2504074;Caraúbas;0,469904;0
2015;2504108;Carrapateira;0,244854;0,000134
2015;2504157;Casserengue;0,173006;0
2015;2504207;Catingueira;0,187551;0,0002
2015;2504306;Catolé do Rocha;0,419676;0,000267
2015;2504355;Caturité;0,250294;0
2015;2504405;Conceição;0,237574;0
2015;2504504;Condado;0,302346;0,0002
2015;2504603;Conde;0,361551;0
2015;2504702;Congo;0,288714;0
2015;2504801;Coremas;0,204188;0,000134
2015;2504850;Coxixola;0,249855;0
2015;2504900;Cruz do Espírito Santo;0,538293;0
2015;2505006;Cubati;0,231475;0
2015;2505105;Cuité;0,272352;0,000401
2015;2505204;Cuitegi;0,23734;0
2015;2505238;Cuité de Mamanguape;0,152571;0
2015;2505279;Curral de Cima;0,169083;0
2015;2505303;Curral Velho;0,155807;0
2015;2505352;Damião;0,270133;0
2015;2505402;Desterro;0,253681;0
2015;2505501;Vista Serrana;0,150843;0
2015;2505600;Diamante;0,224084;0
2015;2505709;Dona Inês;0,412075;0
2015;2505808;Duas Estradas;0,188686;0
2015;2505907;Emas;0,186039;0,000067
2015;2506004;Esperança;0,520991;0
2015;2506103;Fagundes;0,194642;0
2015;2506202;Frei Martinho;0,234492;0
2015;2506251;Gado Bravo;0,225593;0
2015;2506301;Guarabira;0,516455;0,000134
2015;2506400;Gurinhém;0,349769;0
2015;2506509;Gurjão;0,214636;0
2015;2506608;Ibiara;0,221632;0
2015;2506707;Imaculada;0,382551;0
2015;2506806;Ingá;0,359046;0
2015;2506905;Itabaiana;0,487893;0
2015;2507002;Itaporanga;0,381972;0,001002
2015;2507101;Itapororoca;0,251724;0
2015;2507200;Itatuba;0,226302;0
2015;2507309;Jacaraú;0,162577;0
2015;2507408;Jericó;0,413182;0
2015;2507507;João Pessoa;0,671636;0,008214
2015;2507606;Juarez Távora;0,202237;0
2015;2507705;Juazeirinho;0,303073;0,000067
2015;2507804;Junco do Seridó;0,285229;0,000067
2015;2507903;Juripiranga;0,23528;0
2015;2508000;Juru;0,2989;0
2015;2508109;Lagoa;0,243437;0
2015;2508208;Lagoa de Dentro;0,205618;0
2015;2508307;Lagoa Seca;0,391283;0
2015;2508406;Lastro;0,329644;0
2015;2508505;Livramento;0,399146;0
2015;2508554;Logradouro;0,183687;0
2015;2508604;Lucena;0,471622;0
2015;2508703;Mãe d'Água;0,187232;0
2015;2508802;Malta;0,150062;0,000067
2015;2508901;Mamanguape;0,473575;0
2015;2509008;Manaíra;0,235656;0
2015;2509057;Marcação;0,147001;0
2015;2509107;Mari;0,490956;0
2015;2509156;Marizópolis;0,292868;0,000134
2015;2509206;Massaranduba;0,367902;0
2015;2509305;Mataraca;0,204712;0
2015;2509339;Matinhas;0,213533;0
2015;2509370;Mato Grosso;0,21491;0
2015;2509396;Maturéia;0,210767;0,000067
2015;2509404;Mogeiro;0,296214;0,000067
2015;2509503;Montadas;0,214601;0
2015;2509602;Monte Horebe;0,343343;0
2015;2509701;Monteiro;0,574765;0
2015;2509800;Mulungu;0,306626;0
2015;2509909;Natuba;0,29615;0
2015;2510006;Nazarezinho;0,28497;0,000134
2015;2510105;Nova Floresta;0,258912;0
2015;2510204;Nova Olinda;0,215505;0
2015;2510303;Nova Palmeira;0,222754;0
2015;2510402;Olho d'Água;0,260682;0,0002
2015;2510501;Olivedos;0,160237;0
2015;2510600;Ouro Velho;0,228611;0
2015;2510659;Parari;0,217684;0
2015;2510709;Passagem;0,233964;0
2015;2510808;Patos;0,646823;0,003673
2015;2510907;Paulista;0,37032;0
2015;2511004;Pedra Branca;0,186418;0
2015;2511103;Pedra Lavrada;0,289432;0
2015;2511202;Pedras de Fogo;0,351911;0
2015;2511301;Piancó;0,243742;0,000067
2015;2511400;Picuí;0,283821;0
2015;2511509;Pilar;0,194422;0
2015;2511608;Pilões;0,164424;0
2015;2511707;Pilõezinhos;0,290298;0
2015;2511806;Pirpirituba;0,262626;0
2015;2511905;Pitimbu;0,276342;0
2015;2512002;Pocinhos;0,272612;0
2015;2512036;Poço Dantas;0,293757;0
2015;2512077;Poço de José de Moura;0,581022;0,000067
2015;2512101;Pombal;0,42252;0,001002
2015;2512200;Prata;0,260384;0,000067
2015;2512309;Princesa Isabel;0,294227;0
2015;2512408;Puxinanã;0,18001;0
2015;2512507;Queimadas;0,471422;0,000067
2015;2512606;Quixaba;0,191896;0,000067
2015;2512705;Remígio;0,227571;0,000067
2015;2512721;Pedro Régis;0,233893;0
2015;2512747;Riachão;0,225081;0
2015;2512754;Riachão do Bacamarte;0,248381;0
2015;2512762;Riachão do Poço;0,473955;0
2015;2512788;Riacho de Santo Antônio;0,365252;0
2015;2512804;Riacho dos Cavalos;0,225312;0
2015;2512903;Rio Tinto;0,293249;0
2015;2513000;Salgadinho;0,219325;0
2015;2513109;Salgado de São Félix;0,229182;0
2015;2513158;Santa Cecília;0,230352;0
2015;2513208;Santa Cruz;0,224614;0
2015;2513307;Santa Helena;0,271422;0,000067
2015;2513356;Santa Inês;0,209591;0
2015;2513406;Santa Luzia;0,287441;0,000868
2015;2513505;Santana de Mangueira;0,271603;0,000134
2015;2513604;Santana dos Garrotes;0,233516;0
2015;2513653;Joca Claudino;0,323382;0
2015;2513703;Santa Rita;0,529968;0,000267
2015;2513802;Santa Teresinha;0,341628;0
2015;2513851;Santo André;0,227449;0
2015;2513901;São Bento;0,406162;0,000467
2015;2513927;São Bentinho;0,248219;0
2015;2513943;São Domingos do Cariri;0,153938;0
2015;2513968;São Domingos;0,22566;0
2015;2513984;São Francisco;0,222168;0,000267
2015;2514008;São João do Cariri;0,347724;0
2015;2514107;São João do Tigre;0,319532;0
2015;2514206;São José da Lagoa Tapada;0,189362;0
2015;2514305;São José de Caiana;0,219047;0
2015;2514404;São José de Espinharas;0,203409;0,000134
2015;2514453;São José dos Ramos;0,260356;0
2015;2514503;São José de Piranhas;0,410846;0,000401
2015;2514552;São José de Princesa;0,190333;0
2015;2514602;São José do Bonfim;0,17108;0
2015;2514651;São José do Brejo do Cruz;0,409575;0
2015;2514701;São José do Sabugi;0,31376;0,000067
2015;2514800;São José dos Cordeiros;0,174273;0
2015;2514909;São Mamede;0,439017;0,000067
2015;2515005;São Miguel de Taipu;0,257358;0
2015;2515104;São Sebastião de Lagoa de Roça;0,280625;0
2015;2515203;São Sebastião do Umbuzeiro;0,428696;0
2015;2515302;Sapé;0,224044;0
2015;2515401;São Vicente do Seridó;0,288577;0,000067
2015;2515500;Serra Branca;0,25423;0,000067
2015;2515609;Serra da Raiz;0,201631;0
2015;2515708;Serra Grande;0,181953;0
2015;2515807;Serra Redonda;0,176875;0
2015;2515906;Serraria;0,460895;0
2015;2515930;Sertãozinho;0,222597;0
2015;2515971;Sobrado;0,213889;0
2015;2516003;Solânea;0,526755;0
2015;2516102;Soledade;0,386568;0
2015;2516151;Sossêgo;0,226661;0
2015;2516201;Sousa;0,623416;0,004675
2015;2516300;Sumé;0,303105;0
2015;2516409;Tacima;0,289262;0
2015;2516508;Taperoá;0,358583;0
2015;2516607;Tavares;0,320168;0
2015;2516706;Teixeira;0,266462;0,000067
2015;2516755;Tenório;0,280354;0
2015;2516805;Triunfo;0,592707;0,000067
2015;2516904;Uiraúna;0,40071;0,000267
2015;2517001;Umbuzeiro;0,228915;0
2015;2517100;Várzea;0,243064;0
2015;2517209;Vieirópolis;0,295891;0
2015;2517407;Zabelê;0,281739;0